,mag,COG
0,0.0,0.0
1,49.0285215482447,17.82
2,49.0285215482447,17.82
3,49.86926857598772,17.82
4,49.86926857598772,17.82
5,49.86926857598772,17.82
6,48.63197935516979,17.82
7,48.63197935516979,17.82
8,48.63197935516979,23.65
9,48.63197935516979,23.65
10,54.9236863000075,23.65
11,54.9236863000075,23.65
12,54.9236863000075,23.65
13,56.447394098329895,23.65
14,56.447394098329895,23.65
15,56.447394098329895,23.65
16,57.35732490885296,23.65
17,57.35732490885296,23.65
18,57.35732490885296,23.65
19,62.737143428215646,23.65
20,62.737143428215646,23.65
21,62.737143428215646,23.65
22,62.092944518756966,23.65
23,62.092944518756966,23.65
24,62.092944518756966,30.3
25,62.092944518756966,30.3
26,65.5979436016273,30.3
27,65.5979436016273,30.3
28,65.5979436016273,30.3
29,65.5979436016273,30.3
30,65.5979436016273,30.3
31,65.5979436016273,30.3
32,71.80433856638993,30.3
33,71.80433856638993,30.3
34,71.80433856638993,30.3
35,67.89211929635847,30.3
36,67.89211929635847,30.3
37,67.89211929635847,30.3
38,79.81407825454308,30.3
39,79.81407825454308,30.3
40,79.81407825454308,36.34
41,79.81407825454308,36.34
42,75.93646036154175,36.34
43,75.93646036154175,36.34
44,75.93646036154175,36.34
45,78.43677548929037,36.34
46,78.43677548929037,36.34
47,78.43677548929037,36.34
48,76.37987356306137,36.34
49,76.37987356306137,36.34
50,76.37987356306137,36.34
51,81.8230642821834,36.34
52,81.8230642821834,36.34
53,81.8230642821834,36.34
54,80.55632137485283,36.34
55,80.55632137485283,36.34
56,80.55632137485283,43.74
57,80.55632137485283,43.74
58,85.03666143888192,43.74
59,85.03666143888192,43.74
60,85.03666143888192,43.74
61,85.54022923716332,43.74
62,85.54022923716332,43.74
63,85.54022923716332,43.74
64,88.92730774129579,43.74
65,88.92730774129579,43.74
66,88.92730774129579,43.74
67,88.71101081057851,43.74
68,88.71101081057851,43.74
69,88.71101081057851,43.74
70,88.71101081057851,43.74
71,88.71101081057851,43.74
72,88.71101081057851,43.74
73,88.71101081057851,43.74
74,87.20820582230859,43.74
75,87.20820582230859,43.74
76,87.20820582230859,43.74
77,87.75638830757384,43.74
78,87.75638830757384,43.74
79,87.75638830757384,43.74
80,89.56154691151474,43.74
81,89.56154691151474,43.74
82,89.56154691151474,43.74
83,94.12635790792054,43.74
84,94.12635790792054,43.74
85,94.12635790792054,43.74
86,95.35081989469265,43.74
87,95.35081989469265,43.74
88,95.35081989469265,73.66
89,95.35081989469265,73.66
90,90.90949202998677,73.66
91,90.90949202998677,73.66
92,90.90949202998677,73.66
93,90.96823684361759,73.66
94,90.96823684361759,73.66
95,90.96823684361759,73.66
96,90.77127781104548,73.66
97,90.77127781104548,73.66
98,90.77127781104548,73.66
99,96.98256818292597,73.66
100,96.98256818292597,73.66
101,96.98256818292597,73.66
102,103.14944476710136,73.66
103,103.14944476710136,73.66
104,103.14944476710136,83.22
105,103.14944476710136,83.22
106,98.97405961223797,83.22
107,98.97405961223797,83.22
108,98.97405961223797,83.22
109,94.73391681221432,83.22
110,94.73391681221432,83.22
111,94.73391681221432,83.22
112,90.51888355993341,83.22
113,90.51888355993341,83.22
114,90.51888355993341,83.22
115,95.20260587605316,83.22
116,95.20260587605316,83.22
117,95.20260587605316,83.22
118,94.81777054618016,83.22
119,94.81777054618016,83.22
120,94.81777054618016,90.05
121,94.81777054618016,90.05
122,97.72328533803247,90.05
123,97.72328533803247,90.05
124,97.72328533803247,90.05
125,98.51987034651435,90.05
126,98.51987034651435,90.05
127,98.51987034651435,90.05
128,96.92408212645333,90.05
129,96.92408212645333,90.05
130,96.92408212645333,90.05
131,88.48593188469259,90.05
132,88.48593188469259,90.05
133,88.48593188469259,90.05
134,90.21420410620276,90.05
135,90.21420410620276,90.05
136,90.21420410620276,92.51
137,90.21420410620276,92.51
138,91.75366000883854,92.51
139,91.75366000883854,92.51
140,91.75366000883854,92.51
141,93.2390665145259,92.51
142,93.2390665145259,92.51
143,93.2390665145259,92.51
144,92.53805841469932,92.51
145,92.53805841469932,92.51
146,92.53805841469932,92.51
147,92.60665753622136,92.51
148,92.60665753622136,92.51
149,92.60665753622136,92.51
150,89.1264653103177,92.51
151,89.1264653103177,92.51
152,89.1264653103177,94.68
153,89.1264653103177,94.68
154,87.89389060544188,94.68
155,87.89389060544188,94.68
156,87.89389060544188,94.68
157,87.89389060544188,94.68
158,90.77127781104548,94.68
159,90.77127781104548,94.68
160,90.77127781104548,94.68
161,94.56049164618483,94.68
162,94.56049164618483,94.68
163,94.56049164618483,94.68
164,90.53267762737838,94.68
165,90.53267762737838,94.68
166,90.53267762737838,94.68
167,92.28460328073797,94.68
168,92.28460328073797,94.68
169,92.28460328073797,93.23
170,92.28460328073797,93.23
171,92.56798831724997,93.23
172,92.56798831724997,93.23
173,92.56798831724997,93.23
174,86.16471982208819,93.23
175,86.16471982208819,93.23
176,86.16471982208819,93.23
177,88.68954485813906,93.23
178,88.68954485813906,93.23
179,88.68954485813906,93.23
180,84.56653032565374,93.23
181,84.56653032565374,93.23
182,84.56653032565374,93.23
183,84.15074880506371,93.23
184,84.15074880506371,93.23
185,84.15074880506371,91.7
186,84.15074880506371,91.7
187,88.08307969630786,91.7
188,88.08307969630786,91.7
189,88.08307969630786,91.7
190,82.09250068309869,91.7
191,82.09250068309869,91.7
192,82.09250068309869,91.7
193,81.54176044898055,91.7
194,81.54176044898055,91.7
195,81.54176044898055,91.7
196,83.7683377654369,91.7
197,83.7683377654369,91.7
198,83.7683377654369,91.7
199,83.6774829924612,91.7
200,83.6774829924612,91.7
201,83.6774829924612,90.95
202,83.6774829924612,90.95
203,82.73891456382371,90.95
204,82.73891456382371,90.95
205,82.73891456382371,90.95
206,86.35652937160224,90.95
207,86.35652937160224,90.95
208,86.35652937160224,90.95
209,81.56155204129266,90.95
210,81.56155204129266,90.95
211,81.56155204129266,90.95
212,78.30818854800008,90.95
213,78.30818854800008,90.95
214,78.30818854800008,90.95
215,81.67692390809745,90.95
216,81.67692390809745,90.95
217,81.67692390809745,86.31
218,81.67692390809745,86.31
219,79.49888252769209,86.31
220,79.49888252769209,86.31
221,79.49888252769209,86.31
222,82.71568728595781,86.31
223,82.71568728595781,86.31
224,82.71568728595781,86.31
225,81.06096183303838,86.31
226,81.06096183303838,86.31
227,81.06096183303838,86.31
228,85.54022923716332,86.31
229,85.54022923716332,86.31
230,85.54022923716332,86.31
231,81.0790070778871,86.31
232,81.0790070778871,86.31
233,81.0790070778871,83.79
234,81.0790070778871,83.79
235,83.33276795276585,83.79
236,83.33276795276585,83.79
237,83.33276795276585,83.79
238,83.6702340925148,83.79
239,83.6702340925148,83.79
240,83.6702340925148,83.79
241,79.7349601624646,83.79
242,79.7349601624646,83.79
243,79.7349601624646,83.79
244,87.18484055498953,83.79
245,87.18484055498953,83.79
246,87.18484055498953,83.79
247,89.3217879817932,83.79
248,89.3217879817932,83.79
249,89.3217879817932,82.19
250,89.3217879817932,82.19
251,87.46473104053871,82.19
252,87.46473104053871,82.19
253,87.46473104053871,82.19
254,88.29693255959806,82.19
255,88.29693255959806,82.19
256,88.29693255959806,82.19
257,85.71387369155651,82.19
258,85.71387369155651,82.19
259,85.71387369155651,82.19
260,85.06910104520703,82.19
261,85.06910104520703,82.19
262,85.06910104520703,82.19
263,95.38932244924217,82.19
264,95.38932244924217,82.19
265,95.38932244924217,83.94
266,95.38932244924217,83.94
267,96.09046339141535,83.94
268,96.09046339141535,83.94
269,96.09046339141535,83.94
270,95.63107218109141,83.94
271,95.63107218109141,83.94
272,95.63107218109141,83.94
273,91.07162655976282,83.94
274,91.07162655976282,83.94
275,91.07162655976282,83.94
276,91.32060530900648,83.94
277,91.32060530900648,83.94
278,91.32060530900648,83.94
279,91.99615766472388,83.94
280,91.99615766472388,83.94
281,91.99615766472388,87.65
282,91.99615766472388,87.65
283,97.07130431558501,87.65
284,97.07130431558501,87.65
285,97.07130431558501,87.65
286,104.21980820223764,87.65
287,104.21980820223764,87.65
288,104.21980820223764,87.65
289,105.02351306759886,87.65
290,105.02351306759886,87.65
291,105.02351306759886,87.65
292,101.69485576830344,87.65
293,101.69485576830344,87.65
294,101.69485576830344,87.65
295,95.19001788756995,87.65
296,95.19001788756995,87.65
297,95.19001788756995,93.87
298,95.19001788756995,93.87
299,99.97317651239854,93.87
300,99.97317651239854,93.87
301,99.97317651239854,93.87
302,102.81404735044867,93.87
303,102.81404735044867,93.87
304,102.81404735044867,93.87
305,108.903091172615,93.87
306,108.903091172615,93.87
307,108.903091172615,93.87
308,104.52423679554666,93.87
309,104.52423679554666,93.87
310,104.52423679554666,93.87
311,106.53850186600113,93.87
312,106.53850186600113,93.87
313,106.53850186600113,93.87
314,102.81404735044867,93.87
315,102.81404735044867,93.87
316,102.81404735044867,98.15
317,102.81404735044867,98.15
318,102.81404735044867,98.15
319,98.4532708538046,98.15
320,98.4532708538046,98.15
321,98.4532708538046,98.15
322,99.69676889851294,98.15
323,99.69676889851294,98.15
324,99.69676889851294,98.15
325,106.6344097124954,98.15
326,106.6344097124954,98.15
327,106.6344097124954,98.15
328,107.72287080693837,98.15
329,107.72287080693837,98.15
330,107.72287080693837,98.15
331,107.34052916800849,98.15
332,107.34052916800849,98.15
333,107.34052916800849,100.54
334,107.34052916800849,100.54
335,100.24077013773194,100.54
336,100.24077013773194,100.54
337,100.24077013773194,100.54
338,97.32018967334746,100.54
339,97.32018967334746,100.54
340,97.32018967334746,100.54
341,104.55925193774578,100.54
342,104.55925193774578,100.54
343,104.55925193774578,100.54
344,106.06472512956763,100.54
345,106.06472512956763,100.54
346,106.06472512956763,100.54
347,114.52821525413843,100.54
348,114.52821525413843,100.54
349,114.52821525413843,106.55
350,114.52821525413843,106.55
351,107.83481155050653,106.55
352,107.83481155050653,106.55
353,107.83481155050653,106.55
354,102.80277270171698,106.55
355,102.80277270171698,106.55
356,102.80277270171698,106.55
357,96.44813479227354,106.55
358,96.44813479227354,106.55
359,96.44813479227354,106.55
360,99.69676889851294,106.55
361,99.69676889851294,106.55
362,99.69676889851294,106.55
363,108.11069013727658,106.55
364,108.11069013727658,106.55
365,108.11069013727658,108.19
366,108.11069013727658,108.19
367,110.219450418339,108.19
368,110.219450418339,108.19
369,110.219450418339,108.19
370,105.2054596455548,108.19
371,105.2054596455548,108.19
372,105.2054596455548,108.19
373,100.2848918307197,108.19
374,100.2848918307197,108.19
375,100.2848918307197,108.19
376,94.06244467360274,108.19
377,94.06244467360274,108.19
378,94.06244467360274,108.19
379,90.34964898658059,108.19
380,90.34964898658059,108.19
381,90.34964898658059,110.04
382,90.34964898658059,110.04
383,95.45248679064929,110.04
384,95.45248679064929,110.04
385,95.45248679064929,110.04
386,96.68187498900323,110.04
387,96.68187498900323,110.04
388,96.68187498900323,110.04
389,91.49555983893009,110.04
390,91.49555983893009,110.04
391,91.49555983893009,110.04
392,86.82144366272105,110.04
393,86.82144366272105,110.04
394,86.82144366272105,110.04
395,84.01943021430273,110.04
396,84.01943021430273,110.04
397,84.01943021430273,107.75
398,84.01943021430273,107.75
399,78.08118995999801,107.75
400,78.08118995999801,107.75
401,78.08118995999801,107.75
402,76.51825562708568,107.75
403,76.51825562708568,107.75
404,76.51825562708568,107.75
405,79.11612444645512,107.75
406,79.11612444645512,107.75
407,79.11612444645512,107.75
408,80.38104826123711,107.75
409,80.38104826123711,107.75
410,80.38104826123711,107.75
411,75.61422934857349,107.75
412,75.61422934857349,107.75
413,75.61422934857349,102.23
414,75.61422934857349,102.23
415,73.0699236432679,102.23
416,73.0699236432679,102.23
417,73.0699236432679,102.23
418,70.05710238830484,102.23
419,70.05710238830484,102.23
420,70.05710238830484,102.23
421,61.29652258333793,102.23
422,61.29652258333793,102.23
423,61.29652258333793,102.23
424,60.93167031388485,102.23
425,60.93167031388485,102.23
426,60.93167031388485,102.23
427,53.915609761967985,102.23
428,53.915609761967985,102.23
429,53.915609761967985,96.76
430,53.915609761967985,96.76
431,60.55403064222726,96.76
432,60.55403064222726,96.76
433,60.55403064222726,96.76
434,49.108927698010035,96.76
435,49.108927698010035,96.76
436,49.108927698010035,96.76
437,45.846318174244345,96.76
438,45.846318174244345,96.76
439,45.846318174244345,96.76
440,48.07355463448221,96.76
441,48.07355463448221,96.76
442,48.07355463448221,96.76
443,41.90618017384142,96.76
444,41.90618017384142,96.76
445,41.90618017384142,88.4
446,41.90618017384142,88.4
447,44.34147505306322,88.4
448,44.34147505306322,88.4
449,44.34147505306322,88.4
450,35.77929576283415,88.4
451,35.77929576283415,88.4
452,35.77929576283415,88.4
453,33.711315600764664,88.4
454,33.711315600764664,88.4
455,33.711315600764664,88.4
456,34.50147265686627,88.4
457,34.50147265686627,88.4
458,34.50147265686627,88.4
459,31.39690338307966,88.4
460,31.39690338307966,88.4
461,31.39690338307966,80.26
462,31.39690338307966,80.26
463,28.97148644692078,80.26
464,28.97148644692078,80.26
465,28.97148644692078,80.26
466,28.97148644692078,80.26
467,28.97148644692078,80.26
468,28.97148644692078,80.26
469,19.194234544492645,80.26
470,19.194234544492645,80.26
471,19.194234544492645,80.26
472,14.066703653885895,80.26
473,14.066703653885895,80.26
474,14.066703653885895,80.26
475,17.26035157081637,80.26
476,17.26035157081637,80.26
477,17.26035157081637,80.26
478,17.26035157081637,71.51
479,17.26035157081637,71.51
480,14.216208662097301,71.51
481,14.216208662097301,71.51
482,14.216208662097301,71.51
483,7.881611509708989,71.51
484,7.881611509708989,71.51
485,7.881611509708989,71.51
486,10.917331280895098,71.51
487,10.917331280895098,71.51
488,10.917331280895098,71.51
489,8.002763593424106,71.51
490,8.002763593424106,71.51
491,8.002763593424106,71.51
492,3.570283188762687,71.51
493,3.570283188762687,71.51
494,3.570283188762687,64.12
495,3.570283188762687,64.12
496,-3.9961831491665976,64.12
497,-3.9961831491665976,64.12
498,-3.9961831491665976,64.12
499,-5.148566642228673,64.12
500,-5.148566642228673,64.12
501,-5.148566642228673,64.12
502,-8.537182389116253,64.12
503,-8.537182389116253,64.12
504,-8.537182389116253,64.12
505,-7.286663955771019,64.12
506,-7.286663955771019,64.12
507,-7.286663955771019,64.12
508,-3.456340153991391,64.12
509,-3.456340153991391,64.12
510,-3.456340153991391,57.72
511,-3.456340153991391,57.72
512,-11.89163410462254,57.72
513,-11.89163410462254,57.72
514,-11.89163410462254,57.72
515,-17.852256883576445,57.72
516,-17.852256883576445,57.72
517,-17.852256883576445,57.72
518,-16.98330702698388,57.72
519,-16.98330702698388,57.72
520,-16.98330702698388,57.72
521,-21.850380229305017,57.72
522,-21.850380229305017,57.72
523,-21.850380229305017,57.72
524,-24.321762847618857,57.72
525,-24.321762847618857,57.72
526,-24.321762847618857,49.36
527,-24.321762847618857,49.36
528,-21.638836732057428,49.36
529,-21.638836732057428,49.36
530,-21.638836732057428,49.36
531,-27.868127948656138,49.36
532,-27.868127948656138,49.36
533,-27.868127948656138,49.36
534,-27.971010151981318,49.36
535,-27.971010151981318,49.36
536,-27.971010151981318,49.36
537,-39.60086541617403,49.36
538,-39.60086541617403,49.36
539,-39.60086541617403,49.36
540,-36.30112431245709,49.36
541,-36.30112431245709,49.36
542,-36.30112431245709,42.7
543,-36.30112431245709,42.7
544,-38.80401979022366,42.7
545,-38.80401979022366,42.7
546,-38.80401979022366,42.7
547,-34.49508514782514,42.7
548,-34.49508514782514,42.7
549,-34.49508514782514,42.7
550,-36.565049585373686,42.7
551,-36.565049585373686,42.7
552,-36.565049585373686,42.7
553,-45.903386962537525,42.7
554,-45.903386962537525,42.7
555,-45.903386962537525,42.7
556,-49.651400523454754,42.7
557,-49.651400523454754,42.7
558,-49.651400523454754,33.84
559,-49.651400523454754,33.84
560,-55.9203345984057,33.84
561,-55.9203345984057,33.84
562,-55.9203345984057,33.84
563,-55.35235835903586,33.84
564,-55.35235835903586,33.84
565,-55.35235835903586,33.84
566,-51.016329481176626,33.84
567,-51.016329481176626,33.84
568,-51.016329481176626,33.84
569,-48.314892928632844,33.84
570,-48.314892928632844,33.84
571,-48.314892928632844,33.84
572,-56.70259021996446,33.84
573,-56.70259021996446,33.84
574,-56.70259021996446,24.77
575,-56.70259021996446,24.77
576,-63.82925827435474,24.77
577,-63.82925827435474,24.77
578,-63.82925827435474,24.77
579,-65.66487766967919,24.77
580,-65.66487766967919,24.77
581,-65.66487766967919,24.77
582,-67.0654173030153,24.77
583,-67.0654173030153,24.77
584,-67.0654173030153,24.77
585,-63.769076293981925,24.77
586,-63.769076293981925,24.77
587,-63.769076293981925,24.77
588,-66.25714485410128,24.77
589,-66.25714485410128,24.77
590,-66.25714485410128,13.15
591,-66.25714485410128,13.15
592,-64.5021324475959,13.15
593,-64.5021324475959,13.15
594,-64.5021324475959,13.15
595,-64.5021324475959,13.15
596,-64.5021324475959,13.15
597,-64.5021324475959,13.15
598,-77.12774773981084,13.15
599,-77.12774773981084,13.15
600,-77.12774773981084,13.15
601,-77.12974189772007,13.15
602,-77.12974189772007,13.15
603,-77.12974189772007,13.15
604,-79.62902680935878,13.15
605,-79.62902680935878,13.15
606,-79.62902680935878,-1.079999999999984
607,-79.62902680935878,-1.079999999999984
608,-74.76716729948947,-1.079999999999984
609,-74.76716729948947,-1.079999999999984
610,-74.76716729948947,-1.079999999999984
611,-73.45077565979511,-1.079999999999984
612,-73.45077565979511,-1.079999999999984
613,-73.45077565979511,-1.079999999999984
614,-75.86561700001369,-1.079999999999984
615,-75.86561700001369,-1.079999999999984
616,-75.86561700001369,-1.079999999999984
617,-79.92151896044754,-1.079999999999984
618,-79.92151896044754,-1.079999999999984
619,-79.92151896044754,-1.079999999999984
620,-81.41193531927814,-1.079999999999984
621,-81.41193531927814,-1.079999999999984
622,-81.41193531927814,-21.269999999999982
623,-81.41193531927814,-21.269999999999982
624,-80.06960587142396,-21.269999999999982
625,-80.06960587142396,-21.269999999999982
626,-80.06960587142396,-21.269999999999982
627,-78.84427632976627,-21.269999999999982
628,-78.84427632976627,-21.269999999999982
629,-78.84427632976627,-21.269999999999982
630,-78.18863199530881,-21.269999999999982
631,-78.18863199530881,-21.269999999999982
632,-78.18863199530881,-21.269999999999982
633,-77.5229509215535,-21.269999999999982
634,-77.5229509215535,-21.269999999999982
635,-77.5229509215535,-21.269999999999982
636,-79.38442020012826,-21.269999999999982
637,-79.38442020012826,-21.269999999999982
638,-79.38442020012826,-21.269999999999982
639,-79.38442020012826,-21.269999999999982
640,-85.73910457547186,-21.269999999999982
641,-85.73910457547186,-21.269999999999982
642,-85.73910457547186,-40.360000000000014
643,-85.73910457547186,-40.360000000000014
644,-88.29805512309463,-40.360000000000014
645,-88.29805512309463,-40.360000000000014
646,-88.29805512309463,-40.360000000000014
647,-86.79535125652035,-40.360000000000014
648,-86.79535125652035,-40.360000000000014
649,-86.79535125652035,-40.360000000000014
650,-89.47272544607222,-40.360000000000014
651,-89.47272544607222,-40.360000000000014
652,-89.47272544607222,-40.360000000000014
653,-89.45458194780781,-40.360000000000014
654,-89.45458194780781,-40.360000000000014
655,-89.45458194780781,-40.360000000000014
656,-90.35734953576679,-40.360000000000014
657,-90.35734953576679,-40.360000000000014
658,-90.35734953576679,-59.44999999999999
659,-90.35734953576679,-59.44999999999999
660,-92.03940140867724,-59.44999999999999
661,-92.03940140867724,-59.44999999999999
662,-92.03940140867724,-59.44999999999999
663,-92.48558223012293,-59.44999999999999
664,-92.48558223012293,-59.44999999999999
665,-92.48558223012293,-59.44999999999999
666,-93.03297807201102,-59.44999999999999
667,-93.03297807201102,-59.44999999999999
668,-93.03297807201102,-59.44999999999999
669,-92.95019816170031,-59.44999999999999
670,-92.95019816170031,-59.44999999999999
671,-92.95019816170031,-59.44999999999999
672,-84.88222321073442,-59.44999999999999
673,-84.88222321073442,-59.44999999999999
674,-84.88222321073442,-66.61000000000001
675,-84.88222321073442,-66.61000000000001
676,-99.38530804380713,-66.61000000000001
677,-99.38530804380713,-66.61000000000001
678,-99.38530804380713,-66.61000000000001
679,-97.14513711829193,-66.61000000000001
680,-97.14513711829193,-66.61000000000001
681,-97.14513711829193,-66.61000000000001
682,-99.4738145859825,-66.61000000000001
683,-99.4738145859825,-66.61000000000001
684,-99.4738145859825,-66.61000000000001
685,-90.88716212953386,-66.61000000000001
686,-90.88716212953386,-66.61000000000001
687,-90.88716212953386,-66.61000000000001
688,-92.48558223012293,-66.61000000000001
689,-92.48558223012293,-66.61000000000001
690,-92.48558223012293,-81.48000000000002
691,-92.48558223012293,-81.48000000000002
692,-93.7532867948986,-81.48000000000002
693,-93.7532867948986,-81.48000000000002
694,-93.7532867948986,-81.48000000000002
695,-95.75420892359898,-81.48000000000002
696,-95.75420892359898,-81.48000000000002
697,-95.75420892359898,-81.48000000000002
698,-98.52904653868092,-81.48000000000002
699,-98.52904653868092,-81.48000000000002
700,-98.52904653868092,-81.48000000000002
701,-103.74256933949778,-81.48000000000002
702,-103.74256933949778,-81.48000000000002
703,-103.74256933949778,-81.48000000000002
704,-99.66064329566484,-81.48000000000002
705,-99.66064329566484,-81.48000000000002
706,-99.66064329566484,-87.51999999999998
707,-99.66064329566484,-87.51999999999998
708,-98.18283131389376,-87.51999999999998
709,-98.18283131389376,-87.51999999999998
710,-98.18283131389376,-87.51999999999998
711,-100.39727289297343,-87.51999999999998
712,-100.39727289297343,-87.51999999999998
713,-100.39727289297343,-87.51999999999998
714,-106.47596645337237,-87.51999999999998
715,-106.47596645337237,-87.51999999999998
716,-106.47596645337237,-87.51999999999998
717,-111.59970716696165,-87.51999999999998
718,-111.59970716696165,-87.51999999999998
719,-111.59970716696165,-87.51999999999998
720,-114.78842638037491,-87.51999999999998
721,-114.78842638037491,-87.51999999999998
722,-114.78842638037491,-95.30000000000001
723,-114.78842638037491,-95.30000000000001
724,-113.08826084111735,-95.30000000000001
725,-113.08826084111735,-95.30000000000001
726,-113.08826084111735,-95.30000000000001
727,-109.69615789563744,-95.30000000000001
728,-109.69615789563744,-95.30000000000001
729,-109.69615789563744,-95.30000000000001
730,-110.17526679566768,-95.30000000000001
731,-110.17526679566768,-95.30000000000001
732,-110.17526679566768,-95.30000000000001
733,-116.55157175274908,-95.30000000000001
734,-116.55157175274908,-95.30000000000001
735,-116.55157175274908,-95.30000000000001
736,-123.65219559107419,-95.30000000000001
737,-123.65219559107419,-95.30000000000001
738,-123.65219559107419,-106.50999999999999
739,-123.65219559107419,-106.50999999999999
740,-117.33882352089756,-106.50999999999999
741,-117.33882352089756,-106.50999999999999
742,-117.33882352089756,-106.50999999999999
743,-122.10887178999229,-106.50999999999999
744,-122.10887178999229,-106.50999999999999
745,-122.10887178999229,-106.50999999999999
746,-122.93415144399108,-106.50999999999999
747,-122.93415144399108,-106.50999999999999
748,-122.93415144399108,-106.50999999999999
749,-120.64076797546798,-106.50999999999999
750,-120.64076797546798,-106.50999999999999
751,-120.64076797546798,-106.50999999999999
752,-121.48176266763278,-106.50999999999999
753,-121.48176266763278,-106.50999999999999
754,-121.48176266763278,-116.16999999999999
755,-121.48176266763278,-116.16999999999999
756,-124.65419574159569,-116.16999999999999
757,-124.65419574159569,-116.16999999999999
758,-124.65419574159569,-116.16999999999999
759,-134.88278190857645,-116.16999999999999
760,-134.88278190857645,-116.16999999999999
761,-134.88278190857645,-116.16999999999999
762,-133.4009755540412,-116.16999999999999
763,-133.4009755540412,-116.16999999999999
764,-133.4009755540412,-116.16999999999999
765,-131.64357282422012,-116.16999999999999
766,-131.64357282422012,-116.16999999999999
767,-131.64357282422012,-116.16999999999999
768,-138.57278159304946,-116.16999999999999
769,-138.57278159304946,-116.16999999999999
770,-138.57278159304946,-127.09
771,-138.57278159304946,-127.09
772,-142.45970192552858,-127.09
773,-142.45970192552858,-127.09
774,-142.45970192552858,-127.09
775,-136.5849539668813,-127.09
776,-136.5849539668813,-127.09
777,-136.5849539668813,-127.09
778,-146.1670354557372,-127.09
779,-146.1670354557372,-127.09
780,-146.1670354557372,-127.09
781,-146.2710154856149,-127.09
782,-146.2710154856149,-127.09
783,-146.2710154856149,-127.09
784,-151.27419954993837,-127.09
785,-151.27419954993837,-127.09
786,-151.27419954993837,-131.89
787,-151.27419954993837,-131.89
788,-149.9143802005981,-131.89
789,-149.9143802005981,-131.89
790,-149.9143802005981,-131.89
791,-152.8275955215361,-131.89
792,-152.8275955215361,-131.89
793,-152.8275955215361,-131.89
794,-161.24783828317322,-131.89
795,-161.24783828317322,-131.89
796,-161.24783828317322,-131.89
797,-159.26179387832303,-131.89
798,-159.26179387832303,-131.89
799,-159.26179387832303,-131.89
800,-159.26179387832303,-131.89
801,-154.50726295603522,-131.89
802,-154.50726295603522,-131.89
803,-154.50726295603522,-138.17
804,-154.50726295603522,-138.17
805,-162.09071109393804,-138.17
806,-162.09071109393804,-138.17
807,-162.09071109393804,-138.17
808,-166.31044160533497,-138.17
809,-166.31044160533497,-138.17
810,-166.31044160533497,-138.17
811,-170.32165885623635,-138.17
812,-170.32165885623635,-138.17
813,-170.32165885623635,-138.17
814,-172.65634045025536,-138.17
815,-172.65634045025536,-138.17
816,-172.65634045025536,-138.17
817,-174.25230816691268,-138.17
818,-174.25230816691268,-138.17
819,-174.25230816691268,-144.51
820,-174.25230816691268,-144.51
821,-171.0342082612483,-144.51
822,-171.0342082612483,-144.51
823,-171.0342082612483,-144.51
824,-173.69820576173294,-144.51
825,-173.69820576173294,-144.51
826,-173.69820576173294,-144.51
827,-177.62995547277094,-144.51
828,-177.62995547277094,-144.51
829,-177.62995547277094,-144.51
830,-181.6509942066925,-144.51
831,-181.6509942066925,-144.51
832,-181.6509942066925,-144.51
833,-184.50269804716785,-144.51
834,-184.50269804716785,-144.51
835,-184.50269804716785,-148.04
836,-184.50269804716785,-148.04
837,-186.55040769172277,-148.04
838,-186.55040769172277,-148.04
839,-186.55040769172277,-148.04
840,-185.39718784121794,-148.04
841,-185.39718784121794,-148.04
842,-185.39718784121794,-148.04
843,-187.5422607299868,-148.04
844,-187.5422607299868,-148.04
845,-187.5422607299868,-148.04
846,-193.17574804153298,-148.04
847,-193.17574804153298,-148.04
848,-193.17574804153298,-148.04
849,-196.06643171932558,-148.04
850,-196.06643171932558,-148.04
851,-196.06643171932558,-153.56
852,-196.06643171932558,-153.56
853,-196.7507425793352,-153.56
854,-196.7507425793352,-153.56
855,-196.7507425793352,-153.56
856,-197.9878066929072,-153.56
857,-197.9878066929072,-153.56
858,-197.9878066929072,-153.56
859,-207.3323946507636,-153.56
860,-207.3323946507636,-153.56
861,-207.3323946507636,-153.56
862,-208.57739888239632,-153.56
863,-208.57739888239632,-153.56
864,-208.57739888239632,-153.56
865,-210.41690499279497,-153.56
866,-210.41690499279497,-153.56
867,-210.41690499279497,-159.64
868,-210.41690499279497,-159.64
869,-212.44122606920064,-159.64
870,-212.44122606920064,-159.64
871,-212.44122606920064,-159.64
872,-213.21412830687302,-159.64
873,-213.21412830687302,-159.64
874,-213.21412830687302,-159.64
875,-217.65626738543844,-159.64
876,-217.65626738543844,-159.64
877,-217.65626738543844,-159.64
878,-221.58157188082203,-159.64
879,-221.58157188082203,-159.64
880,-221.58157188082203,-159.64
881,-221.89727172308318,-159.64
882,-221.89727172308318,-159.64
883,-221.89727172308318,-167.39
884,-221.89727172308318,-167.39
885,-221.60137396367242,-167.39
886,-221.60137396367242,-167.39
887,-221.60137396367242,-167.39
888,-224.6485733557301,-167.39
889,-224.6485733557301,-167.39
890,-224.6485733557301,-167.39
891,-226.66942945764578,-167.39
892,-226.66942945764578,-167.39
893,-226.66942945764578,-167.39
894,-224.3587328792579,-167.39
895,-224.3587328792579,-167.39
896,-224.3587328792579,-167.39
897,-232.51788486695688,-167.39
898,-232.51788486695688,-167.39
899,-232.51788486695688,-177.68
900,-232.51788486695688,-177.68
901,-242.00244948273172,-177.68
902,-242.00244948273172,-177.68
903,-242.00244948273172,-177.68
904,-237.84022438471038,-177.68
905,-237.84022438471038,-177.68
906,-237.84022438471038,-177.68
907,-248.78224960058924,-177.68
908,-248.78224960058924,-177.68
909,-248.78224960058924,-177.68
910,-244.7661306484166,-177.68
911,-244.7661306484166,-177.68
912,-244.7661306484166,-177.68
913,-244.11775914086346,-177.68
914,-244.11775914086346,-177.68
915,-244.11775914086346,-193.87
916,-244.11775914086346,-193.87
917,-245.08618812142026,-193.87
918,-245.08618812142026,-193.87
919,-245.08618812142026,-193.87
920,-248.49087574659157,-193.87
921,-248.49087574659157,-193.87
922,-248.49087574659157,-193.87
923,-254.97648693240114,-193.87
924,-254.97648693240114,-193.87
925,-254.97648693240114,-193.87
926,-259.7151081692803,-193.87
927,-259.7151081692803,-193.87
928,-259.7151081692803,-193.87
929,-255.4982398208631,-193.87
930,-255.4982398208631,-193.87
931,-255.4982398208631,-210.0
932,-255.4982398208631,-210.0
933,-254.65380058380694,-210.0
934,-254.65380058380694,-210.0
935,-254.65380058380694,-210.0
936,-251.096908827385,-210.0
937,-251.096908827385,-210.0
938,-251.096908827385,-210.0
939,-261.02594038776203,-210.0
940,-261.02594038776203,-210.0
941,-261.02594038776203,-210.0
942,-264.7925302835995,-210.0
943,-264.7925302835995,-210.0
944,-264.7925302835995,-210.0
945,-270.65503783263154,-210.0
946,-270.65503783263154,-210.0
947,-270.65503783263154,-228.81
948,-270.65503783263154,-228.81
949,-265.8647659488731,-228.81
950,-265.8647659488731,-228.81
951,-265.8647659488731,-228.81
952,-269.0323033253892,-228.81
953,-269.0323033253892,-228.81
954,-269.0323033253892,-228.81
955,-261.91164631884567,-228.81
956,-261.91164631884567,-228.81
957,-261.91164631884567,-228.81
958,-269.14059364475065,-228.81
959,-269.14059364475065,-228.81
960,-269.14059364475065,-228.81
961,-269.14059364475065,-228.81
962,-281.47701190405144,-228.81
963,-281.47701190405144,-228.81
964,-281.47701190405144,-228.81
965,-282.4095988954404,-228.81
966,-282.4095988954404,-228.81
967,-282.4095988954404,-237.63
968,-282.4095988954404,-237.63
969,-278.9209929221129,-237.63
970,-278.9209929221129,-237.63
971,-278.9209929221129,-237.63
972,-282.20102473817747,-237.63
973,-282.20102473817747,-237.63
974,-282.20102473817747,-237.63
975,-278.5956188046225,-237.63
976,-278.5956188046225,-237.63
977,-278.5956188046225,-237.63
978,-283.9123878316804,-237.63
979,-283.9123878316804,-237.63
980,-283.9123878316804,-237.63
981,-290.6682031537139,-237.63
982,-290.6682031537139,-237.63
983,-290.6682031537139,-249.01999999999998
984,-290.6682031537139,-249.01999999999998
985,-298.7007843302593,-249.01999999999998
986,-298.7007843302593,-249.01999999999998
987,-298.7007843302593,-249.01999999999998
988,-302.9294631354647,-249.01999999999998
989,-302.9294631354647,-249.01999999999998
990,-302.9294631354647,-249.01999999999998
991,-296.86609789778726,-249.01999999999998
992,-296.86609789778726,-249.01999999999998
993,-296.86609789778726,-249.01999999999998
994,-296.6338948241514,-249.01999999999998
995,-296.6338948241514,-249.01999999999998
996,-296.6338948241514,-249.01999999999998
997,-301.06035168188345,-249.01999999999998
998,-301.06035168188345,-249.01999999999998
999,-301.06035168188345,-259.95
1000,-301.06035168188345,-259.95
1001,-306.3353223330155,-259.95
1002,-306.3353223330155,-259.95
1003,-306.3353223330155,-259.95
1004,-311.9738415251454,-259.95
1005,-311.9738415251454,-259.95
1006,-311.9738415251454,-259.95
1007,-312.52396811817704,-259.95
1008,-312.52396811817704,-259.95
1009,-312.52396811817704,-259.95
1010,-322.9767193227263,-259.95
1011,-322.9767193227263,-259.95
1012,-322.9767193227263,-259.95
1013,-320.08651001943724,-259.95
1014,-320.08651001943724,-259.95
1015,-320.08651001943724,-268.71
1016,-320.08651001943724,-268.71
1017,-320.2278288414778,-268.71
1018,-320.2278288414778,-268.71
1019,-320.2278288414778,-268.71
1020,-321.38508326021014,-268.71
1021,-321.38508326021014,-268.71
1022,-321.38508326021014,-268.71
1023,-324.16741490336744,-268.71
1024,-324.16741490336744,-268.71
1025,-324.16741490336744,-268.71
1026,-331.97924242059787,-268.71
1027,-331.97924242059787,-268.71
1028,-331.97924242059787,-268.71
1029,-335.7590463312697,-268.71
1030,-335.7590463312697,-268.71
1031,-335.7590463312697,-279.12
1032,-335.7590463312697,-279.12
1033,-333.33102412752817,-279.12
1034,-333.33102412752817,-279.12
1035,-333.33102412752817,-279.12
1036,-343.8998541952601,-279.12
1037,-343.8998541952601,-279.12
1038,-343.8998541952601,-279.12
1039,-340.6670641161788,-279.12
1040,-340.6670641161788,-279.12
1041,-340.6670641161788,-279.12
1042,-347.3436466191831,-279.12
1043,-347.3436466191831,-279.12
1044,-347.3436466191831,-279.12
1045,-350.58998106065303,-279.12
1046,-350.58998106065303,-279.12
1047,-350.58998106065303,-288.99
1048,-350.58998106065303,-288.99
1049,-351.9972364065759,-288.99
1050,-351.9972364065759,-288.99
1051,-351.9972364065759,-288.99
1052,-359.497645659548,-288.99
1053,-359.497645659548,-288.99
1054,-359.497645659548,-288.99
1055,-359.877214337223,-288.99
1056,-359.877214337223,-288.99
1057,-359.877214337223,-288.99
1058,-361.78109576906076,-288.99
1059,-361.78109576906076,-288.99
1060,-361.78109576906076,-288.99
1061,-367.2454338863836,-288.99
1062,-367.2454338863836,-288.99
1063,-367.2454338863836,-296.65999999999997
1064,-367.2454338863836,-296.65999999999997
1065,-361.6862767564335,-296.65999999999997
1066,-361.6862767564335,-296.65999999999997
1067,-361.6862767564335,-296.65999999999997
1068,-369.77965006640756,-296.65999999999997
1069,-369.77965006640756,-296.65999999999997
1070,-369.77965006640756,-296.65999999999997
1071,-374.06192554145446,-296.65999999999997
1072,-374.06192554145446,-296.65999999999997
1073,-374.06192554145446,-296.65999999999997
1074,-376.1769322046539,-296.65999999999997
1075,-376.1769322046539,-296.65999999999997
1076,-376.1769322046539,-296.65999999999997
1077,-373.6590499921522,-296.65999999999997
1078,-373.6590499921522,-296.65999999999997
1079,-373.6590499921522,-304.57
1080,-373.6590499921522,-304.57
1081,-377.70623781189363,-304.57
1082,-377.70623781189363,-304.57
1083,-377.70623781189363,-304.57
1084,-378.5271703477804,-304.57
1085,-378.5271703477804,-304.57
1086,-378.5271703477804,-304.57
1087,-381.6019198758793,-304.57
1088,-381.6019198758793,-304.57
1089,-381.6019198758793,-304.57
1090,-385.0970565360851,-304.57
1091,-385.0970565360851,-304.57
1092,-385.0970565360851,-304.57
1093,-385.7264110509089,-304.57
1094,-385.7264110509089,-304.57
1095,-385.7264110509089,-312.05
1096,-385.7264110509089,-312.05
1097,-385.0970565360851,-312.05
1098,-385.0970565360851,-312.05
1099,-385.0970565360851,-312.05
1100,-386.72905085651837,-312.05
1101,-386.72905085651837,-312.05
1102,-386.72905085651837,-312.05
1103,-391.4146877039641,-312.05
1104,-391.4146877039641,-312.05
1105,-391.4146877039641,-312.05
1106,-393.91249216172866,-312.05
1107,-393.91249216172866,-312.05
1108,-393.91249216172866,-312.05
1109,-394.9932890971194,-312.05
1110,-394.9932890971194,-312.05
1111,-394.9932890971194,-318.78
1112,-394.9932890971194,-318.78
1113,-396.5074204980807,-318.78
1114,-396.5074204980807,-318.78
1115,-396.5074204980807,-318.78
1116,-397.6146703818281,-318.78
1117,-397.6146703818281,-318.78
1118,-397.6146703818281,-318.78
1119,-395.55940811423636,-318.78
1120,-395.55940811423636,-318.78
1121,-395.55940811423636,-318.78
1122,-395.55940811423636,-318.78
1123,-402.3042079054263,-318.78
1124,-402.3042079054263,-318.78
1125,-402.3042079054263,-318.78
1126,-405.40648710656,-318.78
1127,-405.40648710656,-318.78
1128,-405.40648710656,-324.8
1129,-405.40648710656,-324.8
1130,-407.91173363176324,-324.8
1131,-407.91173363176324,-324.8
1132,-407.91173363176324,-324.8
1133,-408.34409199499305,-324.8
1134,-408.34409199499305,-324.8
1135,-408.34409199499305,-324.8
1136,-408.5154743507938,-324.8
1137,-408.5154743507938,-324.8
1138,-408.5154743507938,-324.8
1139,-406.7524206951209,-324.8
1140,-406.7524206951209,-324.8
1141,-406.7524206951209,-324.8
1142,-405.11109534774755,-324.8
1143,-405.11109534774755,-324.8
1144,-405.11109534774755,-333.22
1145,-405.11109534774755,-333.22
1146,-410.1312896730635,-333.22
1147,-410.1312896730635,-333.22
1148,-410.1312896730635,-333.22
1149,-414.9761358011185,-333.22
1150,-414.9761358011185,-333.22
1151,-414.9761358011185,-333.22
1152,-421.41181147042596,-333.22
1153,-421.41181147042596,-333.22
1154,-421.41181147042596,-333.22
1155,-424.11750073174164,-333.22
1156,-424.11750073174164,-333.22
1157,-424.11750073174164,-333.22
1158,-420.01405201825816,-333.22
1159,-420.01405201825816,-333.22
1160,-420.01405201825816,-344.12
1161,-420.01405201825816,-344.12
1162,-418.4773719895295,-344.12
1163,-418.4773719895295,-344.12
1164,-418.4773719895295,-344.12
1165,-419.0281802495568,-344.12
1166,-419.0281802495568,-344.12
1167,-419.0281802495568,-344.12
1168,-422.9972165009432,-344.12
1169,-422.9972165009432,-344.12
1170,-422.9972165009432,-344.12
1171,-423.84696088597786,-344.12
1172,-423.84696088597786,-344.12
1173,-423.84696088597786,-344.12
1174,-432.58917493708407,-344.12
1175,-432.58917493708407,-344.12
1176,-432.58917493708407,-357.44
1177,-432.58917493708407,-357.44
1178,-426.3708797988052,-357.44
1179,-426.3708797988052,-357.44
1180,-426.3708797988052,-357.44
1181,-428.0166483665198,-357.44
1182,-428.0166483665198,-357.44
1183,-428.0166483665198,-357.44
1184,-419.6371080191878,-357.44
1185,-419.6371080191878,-357.44
1186,-419.6371080191878,-357.44
1187,-423.08962767834106,-357.44
1188,-423.08962767834106,-357.44
1189,-423.08962767834106,-357.44
1190,-431.4933494227125,-357.44
1191,-431.4933494227125,-357.44
1192,-431.4933494227125,-372.25
1193,-431.4933494227125,-372.25
1194,-443.2093184000987,-372.25
1195,-443.2093184000987,-372.25
1196,-443.2093184000987,-372.25
1197,-440.052811963561,-372.25
1198,-440.052811963561,-372.25
1199,-440.052811963561,-372.25
1200,-435.5435731868929,-372.25
1201,-435.5435731868929,-372.25
1202,-435.5435731868929,-372.25
1203,-429.51810832530066,-372.25
1204,-429.51810832530066,-372.25
1205,-429.51810832530066,-372.25
1206,-434.3992903147496,-372.25
1207,-434.3992903147496,-372.25
1208,-434.3992903147496,-388.08
1209,-434.3992903147496,-388.08
1210,-438.3111877291124,-388.08
1211,-438.3111877291124,-388.08
1212,-438.3111877291124,-388.08
1213,-443.579786398013,-388.08
1214,-443.579786398013,-388.08
1215,-443.579786398013,-388.08
1216,-446.79535125652035,-388.08
1217,-446.79535125652035,-388.08
1218,-446.79535125652035,-388.08
1219,-439.1173321687305,-388.08
1220,-439.1173321687305,-388.08
1221,-439.1173321687305,-388.08
1222,-442.8338506403275,-388.08
1223,-442.8338506403275,-388.08
1224,-442.8338506403275,-400.83
1225,-442.8338506403275,-400.83
1226,-433.67060388953973,-400.83
1227,-433.67060388953973,-400.83
1228,-433.67060388953973,-400.83
1229,-430.48104585409885,-400.83
1230,-430.48104585409885,-400.83
1231,-430.48104585409885,-400.83
1232,-440.6038841870896,-400.83
1233,-440.6038841870896,-400.83
1234,-440.6038841870896,-400.83
1235,-441.9439462501804,-400.83
1236,-441.9439462501804,-400.83
1237,-441.9439462501804,-400.83
1238,-449.74811034895174,-400.83
1239,-449.74811034895174,-400.83
1240,-449.74811034895174,-417.96
1241,-449.74811034895174,-417.96
1242,-448.4882060784782,-417.96
1243,-448.4882060784782,-417.96
1244,-448.4882060784782,-417.96
1245,-442.9481939442926,-417.96
1246,-442.9481939442926,-417.96
1247,-442.9481939442926,-417.96
1248,-439.3640380520353,-417.96
1249,-439.3640380520353,-417.96
1250,-439.3640380520353,-417.96
1251,-444.063513853574,-417.96
1252,-444.063513853574,-417.96
1253,-444.063513853574,-417.96
1254,-448.2980551230946,-417.96
1255,-448.2980551230946,-417.96
1256,-448.2980551230946,-427.46
1257,-448.2980551230946,-427.46
1258,-448.0377139567159,-427.46
1259,-448.0377139567159,-427.46
1260,-448.0377139567159,-427.46
1261,-453.0413321012267,-427.46
1262,-453.0413321012267,-427.46
1263,-453.0413321012267,-427.46
1264,-451.8914513591622,-427.46
1265,-451.8914513591622,-427.46
1266,-451.8914513591622,-427.46
1267,-455.2532356537124,-427.46
1268,-455.2532356537124,-427.46
1269,-455.2532356537124,-427.46
1270,-453.6497109418695,-427.46
1271,-453.6497109418695,-427.46
1272,-453.6497109418695,-436.34
1273,-453.6497109418695,-436.34
1274,-455.8076663754126,-436.34
1275,-455.8076663754126,-436.34
1276,-455.8076663754126,-436.34
1277,-457.24085005187067,-436.34
1278,-457.24085005187067,-436.34
1279,-457.24085005187067,-436.34
1280,-460.24030159065643,-436.34
1281,-460.24030159065643,-436.34
1282,-460.24030159065643,-436.34
1283,-460.24030159065643,-436.34
1284,-458.23008862425354,-436.34
1285,-458.23008862425354,-436.34
1286,-458.23008862425354,-436.34
1287,-459.8509890826297,-436.34
1288,-459.8509890826297,-436.34
1289,-459.8509890826297,-436.34
1290,-462.23148000546803,-436.34
1291,-462.23148000546803,-436.34
1292,-462.23148000546803,-447.24
1293,-462.23148000546803,-447.24
1294,-464.42749807601075,-447.24
1295,-464.42749807601075,-447.24
1296,-464.42749807601075,-447.24
1297,-464.3891194462859,-447.24
1298,-464.3891194462859,-447.24
1299,-464.3891194462859,-447.24
1300,-465.94822174339697,-447.24
1301,-465.94822174339697,-447.24
1302,-465.94822174339697,-447.24
1303,-467.4564371014617,-447.24
1304,-467.4564371014617,-447.24
1305,-467.4564371014617,-447.24
1306,-469.6082542859395,-447.24
1307,-469.6082542859395,-447.24
1308,-469.6082542859395,-454.96
1309,-469.6082542859395,-454.96
1310,-473.98904003607186,-454.96
1311,-473.98904003607186,-454.96
1312,-473.98904003607186,-454.96
1313,-477.322115630255,-454.96
1314,-477.322115630255,-454.96
1315,-477.322115630255,-454.96
1316,-480.21511854063766,-454.96
1317,-480.21511854063766,-454.96
1318,-480.21511854063766,-454.96
1319,-480.21511854063766,-454.96
1320,-480.21511854063766,-454.96
1321,-480.21511854063766,-454.96
1322,-479.4148855544079,-454.96
1323,-479.4148855544079,-454.96
1324,-479.4148855544079,-459.17
1325,-479.4148855544079,-459.17
1326,-485.6664007882085,-459.17
1327,-485.6664007882085,-459.17
1328,-485.6664007882085,-459.17
1329,-483.5206302363051,-459.17
1330,-483.5206302363051,-459.17
1331,-483.5206302363051,-459.17
1332,-491.16392202929603,-459.17
1333,-491.16392202929603,-459.17
1334,-491.16392202929603,-459.17
1335,-485.94527730497043,-459.17
1336,-485.94527730497043,-459.17
1337,-485.94527730497043,-459.17
1338,-495.606898509641,-459.17
1339,-495.606898509641,-459.17
1340,-495.606898509641,-466.14
1341,-495.606898509641,-466.14
1342,-494.2571851589362,-466.14
1343,-494.2571851589362,-466.14
1344,-494.2571851589362,-466.14
1345,-495.6313755900558,-466.14
1346,-495.6313755900558,-466.14
1347,-495.6313755900558,-466.14
1348,-493.3155069516219,-466.14
1349,-493.3155069516219,-466.14
1350,-493.3155069516219,-466.14
1351,-497.3810335253004,-466.14
1352,-497.3810335253004,-466.14
1353,-497.3810335253004,-466.14
1354,-506.97253003574815,-466.14
1355,-506.97253003574815,-466.14
1356,-506.97253003574815,-471.53999999999996
1357,-506.97253003574815,-471.53999999999996
1358,-505.6753078224839,-471.53999999999996
1359,-505.6753078224839,-471.53999999999996
1360,-505.6753078224839,-471.53999999999996
1361,-505.81223422816737,-471.53999999999996
1362,-505.81223422816737,-471.53999999999996
1363,-505.81223422816737,-471.53999999999996
1364,-508.55505748457415,-471.53999999999996
1365,-508.55505748457415,-471.53999999999996
1366,-508.55505748457415,-471.53999999999996
1367,-505.541153862991,-471.53999999999996
1368,-505.541153862991,-471.53999999999996
1369,-505.541153862991,-471.53999999999996
1370,-511.16309836172536,-471.53999999999996
1371,-511.16309836172536,-471.53999999999996
1372,-511.16309836172536,-476.09000000000003
1373,-511.16309836172536,-476.09000000000003
1374,-511.62379929485166,-476.09000000000003
1375,-511.62379929485166,-476.09000000000003
1376,-511.62379929485166,-476.09000000000003
1377,-517.7882992368179,-476.09000000000003
1378,-517.7882992368179,-476.09000000000003
1379,-517.7882992368179,-476.09000000000003
1380,-522.1601229201514,-476.09000000000003
1381,-522.1601229201514,-476.09000000000003
1382,-522.1601229201514,-476.09000000000003
1383,-526.3827012827503,-476.09000000000003
1384,-526.3827012827503,-476.09000000000003
1385,-526.3827012827503,-476.09000000000003
1386,-517.6043478325175,-476.09000000000003
1387,-517.6043478325175,-476.09000000000003
1388,-517.6043478325175,-482.89
1389,-517.6043478325175,-482.89
1390,-530.2717955103262,-482.89
1391,-530.2717955103262,-482.89
1392,-530.2717955103262,-482.89
1393,-533.0099343785887,-482.89
1394,-533.0099343785887,-482.89
1395,-533.0099343785887,-482.89
1396,-528.6318505994673,-482.89
1397,-528.6318505994673,-482.89
1398,-528.6318505994673,-482.89
1399,-534.3026843133484,-482.89
1400,-534.3026843133484,-482.89
1401,-534.3026843133484,-482.89
1402,-536.3570312318311,-482.89
1403,-536.3570312318311,-482.89
1404,-536.3570312318311,-491.09000000000003
1405,-536.3570312318311,-491.09000000000003
1406,-537.8233386224474,-491.09000000000003
1407,-537.8233386224474,-491.09000000000003
1408,-537.8233386224474,-491.09000000000003
1409,-544.1090016195018,-491.09000000000003
1410,-544.1090016195018,-491.09000000000003
1411,-544.1090016195018,-491.09000000000003
1412,-545.3971878412179,-491.09000000000003
1413,-545.3971878412179,-491.09000000000003
1414,-545.3971878412179,-491.09000000000003
1415,-543.7357322230167,-491.09000000000003
1416,-543.7357322230167,-491.09000000000003
1417,-543.7357322230167,-491.09000000000003
1418,-546.1153909773277,-491.09000000000003
1419,-546.1153909773277,-491.09000000000003
1420,-546.1153909773277,-498.11
1421,-546.1153909773277,-498.11
1422,-542.8463121352431,-498.11
1423,-542.8463121352431,-498.11
1424,-542.8463121352431,-498.11
1425,-554.1992326257221,-498.11
1426,-554.1992326257221,-498.11
1427,-554.1992326257221,-498.11
1428,-561.5664604733635,-498.11
1429,-561.5664604733635,-498.11
1430,-561.5664604733635,-498.11
1431,-566.7321874189462,-498.11
1432,-566.7321874189462,-498.11
1433,-566.7321874189462,-498.11
1434,-560.1322696163828,-498.11
1435,-560.1322696163828,-498.11
1436,-560.1322696163828,-504.51
1437,-560.1322696163828,-504.51
1438,-555.9204856802783,-504.51
1439,-555.9204856802783,-504.51
1440,-555.9204856802783,-504.51
1441,-561.0517451409894,-504.51
1442,-561.0517451409894,-504.51
1443,-561.0517451409894,-504.51
1444,-561.0517451409894,-504.51
1445,-566.2108976034598,-504.51
1446,-566.2108976034598,-504.51
1447,-566.2108976034598,-504.51
1448,-572.7722872686949,-504.51
1449,-572.7722872686949,-504.51
1450,-572.7722872686949,-504.51
1451,-574.1906854025451,-504.51
1452,-574.1906854025451,-504.51
1453,-574.1906854025451,-514.61
1454,-574.1906854025451,-514.61
1455,-574.2386065943246,-514.61
1456,-574.2386065943246,-514.61
1457,-574.2386065943246,-514.61
1458,-576.7636215791733,-514.61
1459,-576.7636215791733,-514.61
1460,-576.7636215791733,-514.61
1461,-576.2412020391203,-514.61
1462,-576.2412020391203,-514.61
1463,-576.2412020391203,-514.61
1464,-578.8091162099292,-514.61
1465,-578.8091162099292,-514.61
1466,-578.8091162099292,-514.61
1467,-585.0426414333316,-514.61
1468,-585.0426414333316,-514.61
1469,-585.0426414333316,-528.31
1470,-585.0426414333316,-528.31
1471,-588.1393906983717,-528.31
1472,-588.1393906983717,-528.31
1473,-588.1393906983717,-528.31
1474,-587.1855787045945,-528.31
1475,-587.1855787045945,-528.31
1476,-587.1855787045945,-528.31
1477,-585.3457204717567,-528.31
1478,-585.3457204717567,-528.31
1479,-585.3457204717567,-528.31
1480,-588.7303920847868,-528.31
1481,-588.7303920847868,-528.31
1482,-588.7303920847868,-528.31
1483,-588.7889526026706,-528.31
1484,-588.7889526026706,-528.31
1485,-588.7889526026706,-536.39
1486,-588.7889526026706,-536.39
1487,-597.8402243847104,-536.39
1488,-597.8402243847104,-536.39
1489,-597.8402243847104,-536.39
1490,-602.4460752685766,-536.39
1491,-602.4460752685766,-536.39
1492,-602.4460752685766,-536.39
1493,-598.8258743645416,-536.39
1494,-598.8258743645416,-536.39
1495,-598.8258743645416,-536.39
1496,-599.0198161578601,-536.39
1497,-599.0198161578601,-536.39
1498,-599.0198161578601,-536.39
1499,-599.4194110917257,-536.39
1500,-599.4194110917257,-536.39
1501,-599.4194110917257,-553.75
1502,-599.4194110917257,-553.75
1503,-604.6206073873707,-553.75
1504,-604.6206073873707,-553.75
1505,-604.6206073873707,-553.75
1506,-612.1530321569729,-553.75
1507,-612.1530321569729,-553.75
1508,-612.1530321569729,-553.75
1509,-618.2535144584626,-553.75
1510,-618.2535144584626,-553.75
1511,-618.2535144584626,-553.75
1512,-615.1066797442268,-553.75
1513,-615.1066797442268,-553.75
1514,-615.1066797442268,-553.75
1515,-619.9255662731306,-553.75
1516,-619.9255662731306,-553.75
1517,-619.9255662731306,-560.56
1518,-619.9255662731306,-560.56
1519,-621.8620344974379,-560.56
1520,-621.8620344974379,-560.56
1521,-621.8620344974379,-560.56
1522,-623.3507688577118,-560.56
1523,-623.3507688577118,-560.56
1524,-623.3507688577118,-560.56
1525,-625.1155655020337,-560.56
1526,-625.1155655020337,-560.56
1527,-625.1155655020337,-560.56
1528,-629.3352647773634,-560.56
1529,-629.3352647773634,-560.56
1530,-629.3352647773634,-560.56
1531,-634.8099662005625,-560.56
1532,-634.8099662005625,-560.56
1533,-634.8099662005625,-572.47
1534,-634.8099662005625,-572.47
1535,-633.2481841807189,-572.47
1536,-633.2481841807189,-572.47
1537,-633.2481841807189,-572.47
1538,-635.1132907782176,-572.47
1539,-635.1132907782176,-572.47
1540,-635.1132907782176,-572.47
1541,-634.8011020502213,-572.47
1542,-634.8011020502213,-572.47
1543,-634.8011020502213,-572.47
1544,-634.6548966176051,-572.47
1545,-634.6548966176051,-572.47
1546,-634.6548966176051,-572.47
1547,-637.5794405566529,-572.47
1548,-637.5794405566529,-572.47
1549,-637.5794405566529,-583.4
1550,-637.5794405566529,-583.4
1551,-637.0789212958227,-583.4
1552,-637.0789212958227,-583.4
1553,-637.0789212958227,-583.4
1554,-643.7878516071635,-583.4
1555,-643.7878516071635,-583.4
1556,-643.7878516071635,-583.4
1557,-650.7911096983154,-583.4
1558,-650.7911096983154,-583.4
1559,-650.7911096983154,-583.4
1560,-645.8926830674035,-583.4
1561,-645.8926830674035,-583.4
1562,-645.8926830674035,-583.4
1563,-645.6262262908098,-583.4
1564,-645.6262262908098,-583.4
1565,-645.6262262908098,-596.75
1566,-645.6262262908098,-596.75
1567,-644.3065823375375,-596.75
1568,-644.3065823375375,-596.75
1569,-644.3065823375375,-596.75
1570,-651.4698146935534,-596.75
1571,-651.4698146935534,-596.75
1572,-651.4698146935534,-596.75
1573,-651.5050082005293,-596.75
1574,-651.5050082005293,-596.75
1575,-651.5050082005293,-596.75
1576,-657.9028928883006,-596.75
1577,-657.9028928883006,-596.75
1578,-657.9028928883006,-596.75
1579,-666.5930271659843,-596.75
1580,-666.5930271659843,-596.75
1581,-666.5930271659843,-611.53
1582,-666.5930271659843,-611.53
1583,-667.2168265085526,-611.53
1584,-667.2168265085526,-611.53
1585,-667.2168265085526,-611.53
1586,-664.9976545472987,-611.53
1587,-664.9976545472987,-611.53
1588,-664.9976545472987,-611.53
1589,-670.809159560969,-611.53
1590,-670.809159560969,-611.53
1591,-670.809159560969,-611.53
1592,-676.151826375582,-611.53
1593,-676.151826375582,-611.53
1594,-676.151826375582,-611.53
1595,-680.6370799791284,-611.53
1596,-680.6370799791284,-611.53
1597,-680.6370799791284,-621.8
1598,-680.6370799791284,-621.8
1599,-681.8498888174929,-621.8
1600,-681.8498888174929,-621.8
1601,-681.8498888174929,-621.8
1602,-684.2207042371658,-621.8
1603,-684.2207042371658,-621.8
1604,-684.2207042371658,-621.8
1605,-684.2207042371658,-621.8
1606,-686.6102736088744,-621.8
1607,-686.6102736088744,-621.8
1608,-686.6102736088744,-621.8
1609,-685.4985273431337,-621.8
1610,-685.4985273431337,-621.8
1611,-685.4985273431337,-621.8
1612,-693.8672265795242,-621.8
1613,-693.8672265795242,-621.8
1614,-693.8672265795242,-621.8
1615,-694.9752331401866,-621.8
1616,-694.9752331401866,-621.8
1617,-694.9752331401866,-639.02
1618,-694.9752331401866,-639.02
1619,-697.1270152958622,-639.02
1620,-697.1270152958622,-639.02
1621,-697.1270152958622,-639.02
1622,-698.8136925004771,-639.02
1623,-698.8136925004771,-639.02
1624,-698.8136925004771,-639.02
1625,-693.5970505595003,-639.02
1626,-693.5970505595003,-639.02
1627,-693.5970505595003,-639.02
1628,-698.9815985469229,-639.02
1629,-698.9815985469229,-639.02
1630,-698.9815985469229,-639.02
1631,-698.9815985469229,-639.02
1632,-698.9815985469229,-639.02
1633,-698.9815985469229,-649.2
1634,-698.9815985469229,-649.2
1635,-707.7605793100195,-649.2
1636,-707.7605793100195,-649.2
1637,-707.7605793100195,-649.2
1638,-713.9278825129995,-649.2
1639,-713.9278825129995,-649.2
1640,-713.9278825129995,-649.2
1641,-717.1371107292828,-649.2
1642,-717.1371107292828,-649.2
1643,-717.1371107292828,-649.2
1644,-721.3431377844679,-649.2
1645,-721.3431377844679,-649.2
1646,-721.3431377844679,-649.2
1647,-719.1566461938512,-649.2
1648,-719.1566461938512,-649.2
1649,-719.1566461938512,-658.62
1650,-719.1566461938512,-658.62
1651,-720.8209248019385,-658.62
1652,-720.8209248019385,-658.62
1653,-720.8209248019385,-658.62
1654,-721.8982434299231,-658.62
1655,-721.8982434299231,-658.62
1656,-721.8982434299231,-658.62
1657,-724.9278048287196,-658.62
1658,-724.9278048287196,-658.62
1659,-724.9278048287196,-658.62
1660,-732.4962203489938,-658.62
1661,-732.4962203489938,-658.62
1662,-732.4962203489938,-658.62
1663,-736.9357890469435,-658.62
1664,-736.9357890469435,-658.62
1665,-736.9357890469435,-664.44
1666,-736.9357890469435,-664.44
1667,-736.7064612693139,-664.44
1668,-736.7064612693139,-664.44
1669,-736.7064612693139,-664.44
1670,-732.4998740099069,-664.44
1671,-732.4998740099069,-664.44
1672,-732.4998740099069,-664.44
1673,-734.9417870632632,-664.44
1674,-734.9417870632632,-664.44
1675,-734.9417870632632,-664.44
1676,-741.2175818116226,-664.44
1677,-741.2175818116226,-664.44
1678,-741.2175818116226,-664.44
1679,-743.9935667201735,-664.44
1680,-743.9935667201735,-664.44
1681,-743.9935667201735,-672.44
1682,-743.9935667201735,-672.44
1683,-743.9935667201735,-672.44
1684,-743.9935667201735,-672.44
1685,-743.9935667201735,-672.44
1686,-752.1811542481648,-672.44
1687,-752.1811542481648,-672.44
1688,-752.1811542481648,-672.44
1689,-747.4672503504123,-672.44
1690,-747.4672503504123,-672.44
1691,-747.4672503504123,-672.44
1692,-744.211400294449,-672.44
1693,-744.211400294449,-672.44
1694,-744.211400294449,-672.44
1695,-749.4337909942019,-672.44
1696,-749.4337909942019,-672.44
1697,-749.4337909942019,-679.96
1698,-749.4337909942019,-679.96
1699,-753.9124921617287,-679.96
1700,-753.9124921617287,-679.96
1701,-753.9124921617287,-679.96
1702,-757.961356435959,-679.96
1703,-757.961356435959,-679.96
1704,-757.961356435959,-679.96
1705,-752.8014307297514,-679.96
1706,-752.8014307297514,-679.96
1707,-752.8014307297514,-679.96
1708,-755.2079650882642,-679.96
1709,-755.2079650882642,-679.96
1710,-755.2079650882642,-679.96
1711,-753.142489316097,-679.96
1712,-753.142489316097,-679.96
1713,-753.142489316097,-689.88
1714,-753.142489316097,-689.88
1715,-752.8089060408831,-689.88
1716,-752.8089060408831,-689.88
1717,-752.8089060408831,-689.88
1718,-757.6273732965293,-689.88
1719,-757.6273732965293,-689.88
1720,-757.6273732965293,-689.88
1721,-764.241261110411,-689.88
1722,-764.241261110411,-689.88
1723,-764.241261110411,-689.88
1724,-767.9058191492393,-689.88
1725,-767.9058191492393,-689.88
1726,-767.9058191492393,-689.88
1727,-769.6514005234548,-689.88
1728,-769.6514005234548,-689.88
1729,-769.6514005234548,-699.32
1730,-769.6514005234548,-699.32
1731,-763.2875830631639,-699.32
1732,-763.2875830631639,-699.32
1733,-763.2875830631639,-699.32
1734,-762.6350766112699,-699.32
1735,-762.6350766112699,-699.32
1736,-762.6350766112699,-699.32
1737,-772.6567024800635,-699.32
1738,-772.6567024800635,-699.32
1739,-772.6567024800635,-699.32
1740,-775.1673034195003,-699.32
1741,-775.1673034195003,-699.32
1742,-775.1673034195003,-699.32
1743,-779.7878481076942,-699.32
1744,-779.7878481076942,-699.32
1745,-779.7878481076942,-709.04
1746,-779.7878481076942,-709.04
1747,-777.545629052896,-709.04
1748,-777.545629052896,-709.04
1749,-777.545629052896,-709.04
1750,-773.2837567305446,-709.04
1751,-773.2837567305446,-709.04
1752,-773.2837567305446,-709.04
1753,-769.8242947215326,-709.04
1754,-769.8242947215326,-709.04
1755,-769.8242947215326,-709.04
1756,-775.3135150306924,-709.04
1757,-775.3135150306924,-709.04
1758,-775.3135150306924,-709.04
1759,-778.1786920609486,-709.04
1760,-778.1786920609486,-709.04
1761,-778.1786920609486,-720.8299999999999
1762,-778.1786920609486,-720.8299999999999
1763,-782.5250198824542,-720.8299999999999
1764,-782.5250198824542,-720.8299999999999
1765,-782.5250198824542,-720.8299999999999
1766,-782.5250198824542,-720.8299999999999
1767,-781.1894622601579,-720.8299999999999
1768,-781.1894622601579,-720.8299999999999
1769,-781.1894622601579,-720.8299999999999
1770,-782.9488053204473,-720.8299999999999
1771,-782.9488053204473,-720.8299999999999
1772,-782.9488053204473,-720.8299999999999
1773,-778.4223223679885,-720.8299999999999
1774,-778.4223223679885,-720.8299999999999
1775,-778.4223223679885,-720.8299999999999
1776,-783.0151312755133,-720.8299999999999
1777,-783.0151312755133,-720.8299999999999
1778,-783.0151312755133,-729.86
1779,-783.0151312755133,-729.86
1780,-784.3820352987328,-729.86
1781,-784.3820352987328,-729.86
1782,-784.3820352987328,-729.86
1783,-784.927056859966,-729.86
1784,-784.927056859966,-729.86
1785,-784.927056859966,-729.86
1786,-787.2246978963581,-729.86
1787,-787.2246978963581,-729.86
1788,-787.2246978963581,-729.86
1789,-784.5909209389531,-729.86
1790,-784.5909209389531,-729.86
1791,-784.5909209389531,-729.86
1792,-781.9137048325001,-729.86
1793,-781.9137048325001,-729.86
1794,-781.9137048325001,-743.24
1795,-781.9137048325001,-743.24
1796,-786.534814765646,-743.24
1797,-786.534814765646,-743.24
1798,-786.534814765646,-743.24
1799,-787.2713277579387,-743.24
1800,-787.2713277579387,-743.24
1801,-787.2713277579387,-743.24
1802,-788.6518411831441,-743.24
1803,-788.6518411831441,-743.24
1804,-788.6518411831441,-743.24
1805,-792.3145493674241,-743.24
1806,-792.3145493674241,-743.24
1807,-792.3145493674241,-743.24
1808,-789.0071320008892,-743.24
1809,-789.0071320008892,-743.24
1810,-789.0071320008892,-759.49
1811,-789.0071320008892,-759.49
1812,-786.3708797988052,-759.49
1813,-786.3708797988052,-759.49
1814,-786.3708797988052,-759.49
1815,-793.52232257847,-759.49
1816,-793.52232257847,-759.49
1817,-793.52232257847,-759.49
1818,-796.7595502902858,-759.49
1819,-796.7595502902858,-759.49
1820,-796.7595502902858,-759.49
1821,-792.8660675466198,-759.49
1822,-792.8660675466198,-759.49
1823,-792.8660675466198,-759.49
1824,-789.1588880341916,-759.49
1825,-789.1588880341916,-759.49
1826,-789.1588880341916,-770.6800000000001
1827,-789.1588880341916,-770.6800000000001
1828,-790.3641404705221,-770.6800000000001
1829,-790.3641404705221,-770.6800000000001
1830,-790.3641404705221,-770.6800000000001
1831,-791.777287400424,-770.6800000000001
1832,-791.777287400424,-770.6800000000001
1833,-791.777287400424,-770.6800000000001
1834,-791.4933494227125,-770.6800000000001
1835,-791.4933494227125,-770.6800000000001
1836,-791.4933494227125,-770.6800000000001
1837,-794.8776731718617,-770.6800000000001
1838,-794.8776731718617,-770.6800000000001
1839,-794.8776731718617,-770.6800000000001
1840,-798.9957248870076,-770.6800000000001
1841,-798.9957248870076,-770.6800000000001
1842,-798.9957248870076,-783.75
1843,-798.9957248870076,-783.75
1844,-801.503166675735,-783.75
1845,-801.503166675735,-783.75
1846,-801.503166675735,-783.75
1847,-800.6321670938369,-783.75
1848,-800.6321670938369,-783.75
1849,-800.6321670938369,-783.75
1850,-804.976986771253,-783.75
1851,-804.976986771253,-783.75
1852,-804.976986771253,-783.75
1853,-805.1379735545758,-783.75
1854,-805.1379735545758,-783.75
1855,-805.1379735545758,-783.75
1856,-809.8406505782986,-783.75
1857,-809.8406505782986,-783.75
1858,-809.8406505782986,-794.3
1859,-809.8406505782986,-794.3
1860,-808.8636446867641,-794.3
1861,-808.8636446867641,-794.3
1862,-808.8636446867641,-794.3
1863,-805.8991745575895,-794.3
1864,-805.8991745575895,-794.3
1865,-805.8991745575895,-794.3
1866,-809.1017060906081,-794.3
1867,-809.1017060906081,-794.3
1868,-809.1017060906081,-794.3
1869,-807.6610988941673,-794.3
1870,-807.6610988941673,-794.3
1871,-807.6610988941673,-794.3
1872,-811.8767106991696,-794.3
1873,-811.8767106991696,-794.3
1874,-811.8767106991696,-803.23
1875,-811.8767106991696,-803.23
1876,-819.4518952073909,-803.23
1877,-819.4518952073909,-803.23
1878,-819.4518952073909,-803.23
1879,-824.4814552616401,-803.23
1880,-824.4814552616401,-803.23
1881,-824.4814552616401,-803.23
1882,-820.7067716699763,-803.23
1883,-820.7067716699763,-803.23
1884,-820.7067716699763,-803.23
1885,-816.2395215536724,-803.23
1886,-816.2395215536724,-803.23
1887,-816.2395215536724,-803.23
1888,-818.882684412238,-803.23
1889,-818.882684412238,-803.23
1890,-818.882684412238,-811.21
1891,-818.882684412238,-811.21
1892,-818.882684412238,-811.21
1893,-818.882684412238,-811.21
1894,-818.882684412238,-811.21
1895,-831.8399640311486,-811.21
1896,-831.8399640311486,-811.21
1897,-831.8399640311486,-811.21
1898,-828.413296146607,-811.21
1899,-828.413296146607,-811.21
1900,-828.413296146607,-811.21
1901,-829.0626201953057,-811.21
1902,-829.0626201953057,-811.21
1903,-829.0626201953057,-811.21
1904,-823.5570778420249,-811.21
1905,-823.5570778420249,-811.21
1906,-823.5570778420249,-811.21
1907,-823.5570778420249,-811.21
1908,-829.6747259744809,-811.21
1909,-829.6747259744809,-811.21
1910,-829.6747259744809,-811.21
1911,-829.206756916965,-811.21
1912,-829.206756916965,-811.21
1913,-829.206756916965,-811.21
1914,-838.0121210807127,-811.21
1915,-838.0121210807127,-811.21
1916,-838.0121210807127,-811.21
1917,-841.7335583301988,-811.21
1918,-841.7335583301988,-811.21
1919,-841.7335583301988,-811.21
1920,-844.9474656122932,-811.21
1921,-844.9474656122932,-811.21
1922,-844.9474656122932,-827.79
1923,-844.9474656122932,-827.79
1924,-841.182466475612,-827.79
1925,-841.182466475612,-827.79
1926,-841.182466475612,-827.79
1927,-841.182466475612,-827.79
1928,-840.6251372148054,-827.79
1929,-840.6251372148054,-827.79
1930,-840.6251372148054,-827.79
1931,-839.4878164702626,-827.79
1932,-839.4878164702626,-827.79
1933,-839.4878164702626,-827.79
1934,-847.5399150428896,-827.79
1935,-847.5399150428896,-827.79
1936,-847.5399150428896,-827.79
1937,-851.1637819879074,-827.79
1938,-851.1637819879074,-827.79
1939,-851.1637819879074,-827.79
1940,-854.1100217525598,-827.79
1941,-854.1100217525598,-827.79
1942,-854.1100217525598,-832.86
1943,-854.1100217525598,-832.86
1944,-855.7604680816358,-832.86
1945,-855.7604680816358,-832.86
1946,-855.7604680816358,-832.86
1947,-858.0439880946274,-832.86
1948,-858.0439880946274,-832.86
1949,-858.0439880946274,-832.86
1950,-863.1166828493086,-832.86
1951,-863.1166828493086,-832.86
1952,-863.1166828493086,-832.86
1953,-861.2700107343171,-832.86
1954,-861.2700107343171,-832.86
1955,-861.2700107343171,-832.86
1956,-865.5645474659639,-832.86
1957,-865.5645474659639,-832.86
1958,-865.5645474659639,-839.31
1959,-865.5645474659639,-839.31
1960,-866.9074337302186,-839.31
1961,-866.9074337302186,-839.31
1962,-866.9074337302186,-839.31
1963,-868.5879586356467,-839.31
1964,-868.5879586356467,-839.31
1965,-868.5879586356467,-839.31
1966,-884.4247914938492,-839.31
1967,-884.4247914938492,-839.31
1968,-884.4247914938492,-839.31
1969,-867.2760869290241,-839.31
1970,-867.2760869290241,-839.31
1971,-867.2760869290241,-839.31
1972,-874.2263609936414,-839.31
1973,-874.2263609936414,-839.31
1974,-874.2263609936414,-841.98
1975,-874.2263609936414,-841.98
1976,-878.7668894727753,-841.98
1977,-878.7668894727753,-841.98
1978,-878.7668894727753,-841.98
1979,-882.1449032486669,-841.98
1980,-882.1449032486669,-841.98
1981,-882.1449032486669,-841.98
1982,-887.359425305794,-841.98
1983,-887.359425305794,-841.98
1984,-887.359425305794,-841.98
1985,-884.2613268143974,-841.98
1986,-884.2613268143974,-841.98
1987,-884.2613268143974,-841.98
1988,-891.8035953785383,-841.98
1989,-891.8035953785383,-841.98
1990,-891.8035953785383,-846.36
1991,-891.8035953785383,-846.36
1992,-895.6542583369387,-846.36
1993,-895.6542583369387,-846.36
1994,-895.6542583369387,-846.36
1995,-894.6059166876043,-846.36
1996,-894.6059166876043,-846.36
1997,-894.6059166876043,-846.36
1998,-898.442777155449,-846.36
1999,-898.442777155449,-846.36
2000,-898.442777155449,-846.36
2001,-904.023116406466,-846.36
2002,-904.023116406466,-846.36
2003,-904.023116406466,-846.36
2004,-905.0695973175254,-846.36
2005,-905.0695973175254,-846.36
2006,-905.0695973175254,-853.11
2007,-905.0695973175254,-853.11
2008,-911.1599099101011,-853.11
2009,-911.1599099101011,-853.11
2010,-911.1599099101011,-853.11
2011,-909.2685762901765,-853.11
2012,-909.2685762901765,-853.11
2013,-909.2685762901765,-853.11
2014,-903.2763629459172,-853.11
2015,-903.2763629459172,-853.11
2016,-903.2763629459172,-853.11
2017,-907.46294079521,-853.11
2018,-907.46294079521,-853.11
2019,-907.46294079521,-853.11
2020,-914.7655021353718,-853.11
2021,-914.7655021353718,-853.11
2022,-914.7655021353718,-858.73
2023,-914.7655021353718,-858.73
2024,-920.537528220276,-858.73
2025,-920.537528220276,-858.73
2026,-920.537528220276,-858.73
2027,-924.2642568142668,-858.73
2028,-924.2642568142668,-858.73
2029,-924.2642568142668,-858.73
2030,-924.9306728733291,-858.73
2031,-924.9306728733291,-858.73
2032,-924.9306728733291,-858.73
2033,-928.1632088888935,-858.73
2034,-928.1632088888935,-858.73
2035,-928.1632088888935,-858.73
2036,-928.7173591877687,-858.73
2037,-928.7173591877687,-858.73
2038,-928.7173591877687,-864.39
2039,-928.7173591877687,-864.39
2040,-931.4673509767861,-864.39
2041,-931.4673509767861,-864.39
2042,-931.4673509767861,-864.39
2043,-937.0774620310108,-864.39
2044,-937.0774620310108,-864.39
2045,-937.0774620310108,-864.39
2046,-938.8339141347826,-864.39
2047,-938.8339141347826,-864.39
2048,-938.8339141347826,-864.39
2049,-940.4140913063993,-864.39
2050,-940.4140913063993,-864.39
2051,-940.4140913063993,-864.39
2052,-943.6530431242041,-864.39
2053,-943.6530431242041,-864.39
2054,-943.6530431242041,-871.81
2055,-943.6530431242041,-871.81
2056,-950.7129135132477,-871.81
2057,-950.7129135132477,-871.81
2058,-950.7129135132477,-871.81
2059,-952.6850645385084,-871.81
2060,-952.6850645385084,-871.81
2061,-952.6850645385084,-871.81
2062,-949.0690819071519,-871.81
2063,-949.0690819071519,-871.81
2064,-949.0690819071519,-871.81
2065,-949.2008644222522,-871.81
2066,-949.2008644222522,-871.81
2067,-949.2008644222522,-871.81
2068,-952.5178848669568,-871.81
2069,-952.5178848669568,-871.81
2070,-952.5178848669568,-882.2
2071,-952.5178848669568,-882.2
2072,-954.7581643520136,-882.2
2073,-954.7581643520136,-882.2
2074,-954.7581643520136,-882.2
2075,-959.4194110917257,-882.2
2076,-959.4194110917257,-882.2
2077,-959.4194110917257,-882.2
2078,-967.3758022104448,-882.2
2079,-967.3758022104448,-882.2
2080,-967.3758022104448,-882.2
2081,-967.4251094048417,-882.2
2082,-967.4251094048417,-882.2
2083,-967.4251094048417,-882.2
2084,-962.6690375331,-882.2
2085,-962.6690375331,-882.2
2086,-962.6690375331,-900.23
2087,-962.6690375331,-900.23
2088,-962.6690375331,-900.23
2089,-962.8994248637,-900.23
2090,-962.8994248637,-900.23
2091,-962.8994248637,-900.23
2092,-969.3926946463233,-900.23
2093,-969.3926946463233,-900.23
2094,-969.3926946463233,-900.23
2095,-975.8425840693695,-900.23
2096,-975.8425840693695,-900.23
2097,-975.8425840693695,-900.23
2098,-984.4940523574526,-900.23
2099,-984.4940523574526,-900.23
2100,-984.4940523574526,-900.23
2101,-983.5518652077265,-900.23
2102,-983.5518652077265,-900.23
2103,-983.5518652077265,-919.97
2104,-983.5518652077265,-919.97
2105,-978.3051442316965,-919.97
2106,-978.3051442316965,-919.97
2107,-978.3051442316965,-919.97
2108,-975.8425840693695,-919.97
2109,-975.8425840693695,-919.97
2110,-975.8425840693695,-919.97
2111,-981.9116463188457,-919.97
2112,-981.9116463188457,-919.97
2113,-981.9116463188457,-919.97
2114,-988.6951224464117,-919.97
2115,-988.6951224464117,-919.97
2116,-988.6951224464117,-919.97
2117,-988.6951224464117,-919.97
2118,-988.6951224464117,-919.97
2119,-988.6951224464117,-945.45
2120,-988.6951224464117,-945.45
2121,-995.4334696743463,-945.45
2122,-995.4334696743463,-945.45
2123,-995.4334696743463,-945.45
2124,-996.7460284438996,-945.45
2125,-996.7460284438996,-945.45
2126,-996.7460284438996,-945.45
2127,-990.8922719059385,-945.45
2128,-990.8922719059385,-945.45
2129,-990.8922719059385,-945.45
2130,-993.4011414901653,-945.45
2131,-993.4011414901653,-945.45
2132,-993.4011414901653,-945.45
2133,-1002.0641247762015,-945.45
2134,-1002.0641247762015,-945.45
2135,-1002.0641247762015,-955.95
2136,-1002.0641247762015,-955.95
2137,-1008.567602645366,-955.95
2138,-1008.567602645366,-955.95
2139,-1008.567602645366,-955.95
2140,-1015.6709283386022,-955.95
2141,-1015.6709283386022,-955.95
2142,-1015.6709283386022,-955.95
2143,-1015.9536252082293,-955.95
2144,-1015.9536252082293,-955.95
2145,-1015.9536252082293,-955.95
2146,-1019.4426466797088,-955.95
2147,-1019.4426466797088,-955.95
2148,-1019.4426466797088,-955.95
2149,-1008.3518110571949,-955.95
2150,-1008.3518110571949,-955.95
2151,-1008.3518110571949,-955.95
2152,-1008.3518110571949,-955.95
2153,-1018.248085800049,-955.95
2154,-1018.248085800049,-955.95
2155,-1018.248085800049,-955.95
2156,-1027.3422618328889,-955.95
2157,-1027.3422618328889,-955.95
2158,-1027.3422618328889,-955.95
2159,-1032.1923885070926,-955.95
2160,-1032.1923885070926,-955.95
2161,-1032.1923885070926,-955.95
2162,-1033.1764149269554,-955.95
2163,-1033.1764149269554,-955.95
2164,-1033.1764149269554,-955.95
2165,-1033.810900563124,-955.95
2166,-1033.810900563124,-955.95
2167,-1033.810900563124,-970.94
2168,-1033.810900563124,-970.94
2169,-1035.8914057008988,-970.94
2170,-1035.8914057008988,-970.94
2171,-1035.8914057008988,-970.94
2172,-1039.3278261486323,-970.94
2173,-1039.3278261486323,-970.94
2174,-1039.3278261486323,-970.94
2175,-1037.5247765680206,-970.94
2176,-1037.5247765680206,-970.94
2177,-1037.5247765680206,-970.94
2178,-1040.6609768677026,-970.94
2179,-1040.6609768677026,-970.94
2180,-1040.6609768677026,-970.94
2181,-1043.4858260426722,-970.94
2182,-1043.4858260426722,-970.94
2183,-1043.4858260426722,-984.46
2184,-1043.4858260426722,-984.46
2185,-1047.4510178606972,-984.46
2186,-1047.4510178606972,-984.46
2187,-1047.4510178606972,-984.46
2188,-1050.975629568711,-984.46
2189,-1050.975629568711,-984.46
2190,-1050.975629568711,-984.46
2191,-1051.6060966463685,-984.46
2192,-1051.6060966463685,-984.46
2193,-1051.6060966463685,-984.46
2194,-1050.975629568711,-984.46
2195,-1050.975629568711,-984.46
2196,-1050.975629568711,-984.46
2197,-1058.3152271378774,-984.46
2198,-1058.3152271378774,-984.46
2199,-1058.3152271378774,-997.85
2200,-1058.3152271378774,-997.85
2201,-1057.497782574397,-997.85
2202,-1057.497782574397,-997.85
2203,-1057.497782574397,-997.85
2204,-1069.5577572811019,-997.85
2205,-1069.5577572811019,-997.85
2206,-1069.5577572811019,-997.85
2207,-1072.7842916559796,-997.85
2208,-1072.7842916559796,-997.85
2209,-1072.7842916559796,-997.85
2210,-1066.7542042699088,-997.85
2211,-1066.7542042699088,-997.85
2212,-1066.7542042699088,-997.85
2213,-1072.2500296586868,-997.85
2214,-1072.2500296586868,-997.85
2215,-1072.2500296586868,-1007.1
2216,-1072.2500296586868,-1007.1
2217,-1071.6609823208514,-1007.1
2218,-1071.6609823208514,-1007.1
2219,-1071.6609823208514,-1007.1
2220,-1076.583173988646,-1007.1
2221,-1076.583173988646,-1007.1
2222,-1076.583173988646,-1007.1
2223,-1080.250714757482,-1007.1
2224,-1080.250714757482,-1007.1
2225,-1080.250714757482,-1007.1
2226,-1084.8609167406205,-1007.1
2227,-1084.8609167406205,-1007.1
2228,-1084.8609167406205,-1007.1
2229,-1085.715964201222,-1007.1
2230,-1085.715964201222,-1007.1
2231,-1085.715964201222,-1015.45
2232,-1085.715964201222,-1015.45
2233,-1087.5914084294839,-1015.45
2234,-1087.5914084294839,-1015.45
2235,-1087.5914084294839,-1015.45
2236,-1087.0289565102346,-1015.45
2237,-1087.0289565102346,-1015.45
2238,-1087.0289565102346,-1015.45
2239,-1090.6979305999503,-1015.45
2240,-1090.6979305999503,-1015.45
2241,-1090.6979305999503,-1015.45
2242,-1093.7416662918195,-1015.45
2243,-1093.7416662918195,-1015.45
2244,-1093.7416662918195,-1015.45
2245,-1095.0590334493302,-1015.45
2246,-1095.0590334493302,-1015.45
2247,-1095.0590334493302,-1015.45
2248,-1095.0590334493302,-1022.5
2249,-1095.0590334493302,-1022.5
2250,-1095.6140513395367,-1022.5
2251,-1095.6140513395367,-1022.5
2252,-1095.6140513395367,-1022.5
2253,-1103.3812211513086,-1022.5
2254,-1103.3812211513086,-1022.5
2255,-1103.3812211513086,-1022.5
2256,-1099.36156363682,-1022.5
2257,-1099.36156363682,-1022.5
2258,-1099.36156363682,-1022.5
2259,-1097.2068246033987,-1022.5
2260,-1097.2068246033987,-1022.5
2261,-1097.2068246033987,-1022.5
2262,-1102.2934994328293,-1022.5
2263,-1102.2934994328293,-1022.5
2264,-1102.2934994328293,-1022.5
2265,-1104.696276069995,-1022.5
2266,-1104.696276069995,-1022.5
2267,-1104.696276069995,-1030.0
2268,-1104.696276069995,-1030.0
2269,-1111.614850681493,-1030.0
2270,-1111.614850681493,-1030.0
2271,-1111.614850681493,-1030.0
2272,-1102.4191672679167,-1030.0
2273,-1102.4191672679167,-1030.0
2274,-1102.4191672679167,-1030.0
2275,-1106.9528147140713,-1030.0
2276,-1106.9528147140713,-1030.0
2277,-1106.9528147140713,-1030.0
2278,-1116.1232641581498,-1030.0
2279,-1116.1232641581498,-1030.0
2280,-1116.1232641581498,-1030.0
2281,-1117.6356790305233,-1030.0
2282,-1117.6356790305233,-1030.0
2283,-1117.6356790305233,-1039.01
2284,-1117.6356790305233,-1039.01
2285,-1113.4377241587267,-1039.01
2286,-1113.4377241587267,-1039.01
2287,-1113.4377241587267,-1039.01
2288,-1114.7509464325585,-1039.01
2289,-1114.7509464325585,-1039.01
2290,-1114.7509464325585,-1039.01
2291,-1115.8411229786361,-1039.01
2292,-1115.8411229786361,-1039.01
2293,-1115.8411229786361,-1039.01
2294,-1115.7435250883696,-1039.01
2295,-1115.7435250883696,-1039.01
2296,-1115.7435250883696,-1039.01
2297,-1120.3673814570661,-1039.01
2298,-1120.3673814570661,-1039.01
2299,-1120.3673814570661,-1048.75
2300,-1120.3673814570661,-1048.75
2301,-1122.9009751374483,-1048.75
2302,-1122.9009751374483,-1048.75
2303,-1122.9009751374483,-1048.75
2304,-1128.886260716011,-1048.75
2305,-1128.886260716011,-1048.75
2306,-1128.886260716011,-1048.75
2307,-1125.6175067646577,-1048.75
2308,-1125.6175067646577,-1048.75
2309,-1125.6175067646577,-1048.75
2310,-1125.68602968273,-1048.75
2311,-1125.68602968273,-1048.75
2312,-1125.68602968273,-1048.75
2313,-1120.5193130152666,-1048.75
2314,-1120.5193130152666,-1048.75
2315,-1120.5193130152666,-1057.23
2316,-1120.5193130152666,-1057.23
2317,-1127.7445370060555,-1057.23
2318,-1127.7445370060555,-1057.23
2319,-1127.7445370060555,-1057.23
2320,-1130.793223629038,-1057.23
2321,-1130.793223629038,-1057.23
2322,-1130.793223629038,-1057.23
2323,-1132.976184302701,-1057.23
2324,-1132.976184302701,-1057.23
2325,-1132.976184302701,-1057.23
2326,-1136.5632564359987,-1057.23
2327,-1136.5632564359987,-1057.23
2328,-1136.5632564359987,-1057.23
2329,-1131.1580343064363,-1057.23
2330,-1131.1580343064363,-1057.23
2331,-1131.1580343064363,-1069.44
2332,-1131.1580343064363,-1069.44
2333,-1125.1221228294094,-1069.44
2334,-1125.1221228294094,-1069.44
2335,-1125.1221228294094,-1069.44
2336,-1127.227392485584,-1069.44
2337,-1127.227392485584,-1069.44
2338,-1127.227392485584,-1069.44
2339,-1131.9382002647606,-1069.44
2340,-1131.9382002647606,-1069.44
2341,-1131.9382002647606,-1069.44
2342,-1136.8371650016888,-1069.44
2343,-1136.8371650016888,-1069.44
2344,-1136.8371650016888,-1069.44
2345,-1145.4943509006084,-1069.44
2346,-1145.4943509006084,-1069.44
2347,-1145.4943509006084,-1084.43
2348,-1145.4943509006084,-1084.43
2349,-1137.9170303353308,-1084.43
2350,-1137.9170303353308,-1084.43
2351,-1137.9170303353308,-1084.43
2352,-1136.7944066963028,-1084.43
2353,-1136.7944066963028,-1084.43
2354,-1136.7944066963028,-1084.43
2355,-1132.4833243516055,-1084.43
2356,-1132.4833243516055,-1084.43
2357,-1132.4833243516055,-1084.43
2358,-1135.4834734819096,-1084.43
2359,-1135.4834734819096,-1084.43
2360,-1135.4834734819096,-1084.43
2361,-1144.3286496828998,-1084.43
2362,-1144.3286496828998,-1084.43
2363,-1144.3286496828998,-1096.21
2364,-1144.3286496828998,-1096.21
2365,-1148.0185404550166,-1096.21
2366,-1148.0185404550166,-1096.21
2367,-1148.0185404550166,-1096.21
2368,-1146.591029186652,-1096.21
2369,-1146.591029186652,-1096.21
2370,-1146.591029186652,-1096.21
2371,-1142.8300853628484,-1096.21
2372,-1142.8300853628484,-1096.21
2373,-1142.8300853628484,-1096.21
2374,-1136.7944066963028,-1096.21
2375,-1136.7944066963028,-1096.21
2376,-1136.7944066963028,-1096.21
2377,-1141.2152702475337,-1096.21
2378,-1141.2152702475337,-1096.21
2379,-1141.2152702475337,-1107.33
2380,-1141.2152702475337,-1107.33
2381,-1151.0974720054878,-1107.33
2382,-1151.0974720054878,-1107.33
2383,-1151.0974720054878,-1107.33
2384,-1150.4567760246155,-1107.33
2385,-1150.4567760246155,-1107.33
2386,-1150.4567760246155,-1107.33
2387,-1159.4871902004177,-1107.33
2388,-1159.4871902004177,-1107.33
2389,-1159.4871902004177,-1107.33
2390,-1155.3046134095696,-1107.33
2391,-1155.3046134095696,-1107.33
2392,-1155.3046134095696,-1107.33
2393,-1152.573586159146,-1107.33
2394,-1152.573586159146,-1107.33
2395,-1152.573586159146,-1125.96
2396,-1152.573586159146,-1125.96
2397,-1151.0974720054878,-1125.96
2398,-1151.0974720054878,-1125.96
2399,-1151.0974720054878,-1125.96
2400,-1153.1387238222715,-1125.96
2401,-1153.1387238222715,-1125.96
2402,-1153.1387238222715,-1125.96
2403,-1161.8743290543453,-1125.96
2404,-1161.8743290543453,-1125.96
2405,-1161.8743290543453,-1125.96
2406,-1164.838172313721,-1125.96
2407,-1164.838172313721,-1125.96
2408,-1164.838172313721,-1125.96
2409,-1164.838172313721,-1125.96
2410,-1162.6731358314478,-1125.96
2411,-1162.6731358314478,-1125.96
2412,-1162.6731358314478,-1138.27
2413,-1162.6731358314478,-1138.27
2414,-1163.113065420655,-1138.27
2415,-1163.113065420655,-1138.27
2416,-1163.113065420655,-1138.27
2417,-1156.0572478254505,-1138.27
2418,-1156.0572478254505,-1138.27
2419,-1156.0572478254505,-1138.27
2420,-1157.1277477398107,-1138.27
2421,-1157.1277477398107,-1138.27
2422,-1157.1277477398107,-1138.27
2423,-1168.621599844477,-1138.27
2424,-1168.621599844477,-1138.27
2425,-1168.621599844477,-1138.27
2426,-1171.2476833828218,-1138.27
2427,-1171.2476833828218,-1138.27
2428,-1171.2476833828218,-1150.15
2429,-1171.2476833828218,-1150.15
2430,-1169.1894188292076,-1150.15
2431,-1169.1894188292076,-1150.15
2432,-1169.1894188292076,-1150.15
2433,-1169.7928729477633,-1150.15
2434,-1169.7928729477633,-1150.15
2435,-1169.7928729477633,-1150.15
2436,-1170.5585581100345,-1150.15
2437,-1170.5585581100345,-1150.15
2438,-1170.5585581100345,-1150.15
2439,-1173.0444764362574,-1150.15
2440,-1173.0444764362574,-1150.15
2441,-1173.0444764362574,-1150.15
2442,-1176.1360928675372,-1150.15
2443,-1176.1360928675372,-1150.15
2444,-1176.1360928675372,-1161.56
2445,-1176.1360928675372,-1161.56
2446,-1177.4936539503806,-1161.56
2447,-1177.4936539503806,-1161.56
2448,-1177.4936539503806,-1161.56
2449,-1176.9692825206935,-1161.56
2450,-1176.9692825206935,-1161.56
2451,-1176.9692825206935,-1161.56
2452,-1179.143444327186,-1161.56
2453,-1179.143444327186,-1161.56
2454,-1179.143444327186,-1161.56
2455,-1178.2856935765249,-1161.56
2456,-1178.2856935765249,-1161.56
2457,-1178.2856935765249,-1161.56
2458,-1185.0832497607378,-1161.56
2459,-1185.0832497607378,-1161.56
2460,-1185.0832497607378,-1178.18
2461,-1185.0832497607378,-1178.18
2462,-1185.8317495119193,-1178.18
2463,-1185.8317495119193,-1178.18
2464,-1185.8317495119193,-1178.18
2465,-1186.6637795389877,-1178.18
2466,-1186.6637795389877,-1178.18
2467,-1186.6637795389877,-1178.18
2468,-1187.4827891509842,-1178.18
2469,-1187.4827891509842,-1178.18
2470,-1187.4827891509842,-1178.18
2471,-1190.2838217042708,-1178.18
2472,-1190.2838217042708,-1178.18
2473,-1190.2838217042708,-1178.18
2474,-1191.2351877978329,-1178.18
2475,-1191.2351877978329,-1178.18
2476,-1191.2351877978329,-1195.33
2477,-1191.2351877978329,-1195.33
2478,-1194.412390112347,-1195.33
2479,-1194.412390112347,-1195.33
2480,-1194.412390112347,-1195.33
2481,-1199.4533595497169,-1195.33
2482,-1199.4533595497169,-1195.33
2483,-1199.4533595497169,-1195.33
2484,-1194.866891211964,-1195.33
2485,-1194.866891211964,-1195.33
2486,-1194.866891211964,-1195.33
2487,-1199.2903436258998,-1195.33
2488,-1199.2903436258998,-1195.33
2489,-1199.2903436258998,-1195.33
2490,-1204.4205214255642,-1195.33
2491,-1204.4205214255642,-1195.33
2492,-1204.4205214255642,-1203.95
2493,-1204.4205214255642,-1203.95
2494,-1205.4654436273818,-1203.95
2495,-1205.4654436273818,-1203.95
2496,-1205.4654436273818,-1203.95
2497,-1209.2309211659049,-1203.95
2498,-1209.2309211659049,-1203.95
2499,-1209.2309211659049,-1203.95
2500,-1215.2425253523888,-1203.95
2501,-1215.2425253523888,-1203.95
2502,-1215.2425253523888,-1203.95
2503,-1216.1615027642827,-1203.95
2504,-1216.1615027642827,-1203.95
2505,-1216.1615027642827,-1203.95
2506,-1214.7179905493767,-1203.95
2507,-1214.7179905493767,-1203.95
2508,-1214.7179905493767,-1203.95
2509,-1214.7179905493767,-1203.95
2510,-1214.8827819085764,-1203.95
2511,-1214.8827819085764,-1203.95
2512,-1214.8827819085764,-1203.95
2513,-1218.0442873824468,-1203.95
2514,-1218.0442873824468,-1203.95
2515,-1218.0442873824468,-1203.95
2516,-1220.5423724734349,-1203.95
2517,-1220.5423724734349,-1203.95
2518,-1220.5423724734349,-1203.95
2519,-1225.3045484059605,-1203.95
2520,-1225.3045484059605,-1203.95
2521,-1225.3045484059605,-1203.95
2522,-1230.8375481582289,-1203.95
2523,-1230.8375481582289,-1203.95
2524,-1230.8375481582289,-1211.81
2525,-1230.8375481582289,-1211.81
2526,-1227.0091373843022,-1211.81
2527,-1227.0091373843022,-1211.81
2528,-1227.0091373843022,-1211.81
2529,-1231.6237992948518,-1211.81
2530,-1231.6237992948518,-1211.81
2531,-1231.6237992948518,-1211.81
2532,-1231.6237992948518,-1211.81
2533,-1231.6237992948518,-1211.81
2534,-1231.6237992948518,-1211.81
2535,-1236.1138435582188,-1211.81
2536,-1236.1138435582188,-1211.81
2537,-1236.1138435582188,-1211.81
2538,-1244.3052515546512,-1211.81
2539,-1244.3052515546512,-1211.81
2540,-1244.3052515546512,-1219.03
2541,-1244.3052515546512,-1219.03
2542,-1243.0264375742274,-1219.03
2543,-1243.0264375742274,-1219.03
2544,-1243.0264375742274,-1219.03
2545,-1249.5188733237803,-1219.03
2546,-1249.5188733237803,-1219.03
2547,-1249.5188733237803,-1219.03
2548,-1252.275948108997,-1219.03
2549,-1252.275948108997,-1219.03
2550,-1252.275948108997,-1219.03
2551,-1256.5280199842173,-1219.03
2552,-1256.5280199842173,-1219.03
2553,-1256.5280199842173,-1219.03
2554,-1253.9232910397473,-1219.03
2555,-1253.9232910397473,-1219.03
2556,-1253.9232910397473,-1224.28
2557,-1253.9232910397473,-1224.28
2558,-1259.5997958497906,-1224.28
2559,-1259.5997958497906,-1224.28
2560,-1259.5997958497906,-1224.28
2561,-1264.5830716196115,-1224.28
2562,-1264.5830716196115,-1224.28
2563,-1264.5830716196115,-1224.28
2564,-1267.1953014409066,-1224.28
2565,-1267.1953014409066,-1224.28
2566,-1267.1953014409066,-1224.28
2567,-1271.099622693081,-1224.28
2568,-1271.099622693081,-1224.28
2569,-1271.099622693081,-1224.28
2570,-1271.099622693081,-1224.28
2571,-1281.315472967109,-1224.28
2572,-1281.315472967109,-1224.28
2573,-1281.315472967109,-1231.18
2574,-1281.315472967109,-1231.18
2575,-1275.5680652171782,-1231.18
2576,-1275.5680652171782,-1231.18
2577,-1275.5680652171782,-1231.18
2578,-1275.1503001757594,-1231.18
2579,-1275.1503001757594,-1231.18
2580,-1275.1503001757594,-1231.18
2581,-1280.983323253991,-1231.18
2582,-1280.983323253991,-1231.18
2583,-1280.983323253991,-1231.18
2584,-1280.6693333635526,-1231.18
2585,-1280.6693333635526,-1231.18
2586,-1280.6693333635526,-1231.18
2587,-1292.4412260692006,-1231.18
2588,-1292.4412260692006,-1231.18
2589,-1292.4412260692006,-1231.18
2590,-1296.619509365932,-1231.18
2591,-1296.619509365932,-1231.18
2592,-1296.619509365932,-1238.53
2593,-1296.619509365932,-1238.53
2594,-1301.8628827173125,-1238.53
2595,-1301.8628827173125,-1238.53
2596,-1301.8628827173125,-1238.53
2597,-1299.0925206449897,-1238.53
2598,-1299.0925206449897,-1238.53
2599,-1299.0925206449897,-1238.53
2600,-1294.957152542042,-1238.53
2601,-1294.957152542042,-1238.53
2602,-1294.957152542042,-1238.53
2603,-1298.5882974019614,-1238.53
2604,-1298.5882974019614,-1238.53
2605,-1298.5882974019614,-1238.53
2606,-1304.0308496364519,-1238.53
2607,-1304.0308496364519,-1238.53
2608,-1304.0308496364519,-1246.81
2609,-1304.0308496364519,-1246.81
2610,-1309.1941094845888,-1246.81
2611,-1309.1941094845888,-1246.81
2612,-1309.1941094845888,-1246.81
2613,-1311.1990524409855,-1246.81
2614,-1311.1990524409855,-1246.81
2615,-1311.1990524409855,-1246.81
2616,-1313.384823212028,-1246.81
2617,-1313.384823212028,-1246.81
2618,-1313.384823212028,-1246.81
2619,-1309.2190986156538,-1246.81
2620,-1309.2190986156538,-1246.81
2621,-1309.2190986156538,-1246.81
2622,-1311.662466272057,-1246.81
2623,-1311.662466272057,-1246.81
2624,-1311.662466272057,-1251.04
2625,-1311.662466272057,-1251.04
2626,-1315.0374793694443,-1251.04
2627,-1315.0374793694443,-1251.04
2628,-1315.0374793694443,-1251.04
2629,-1322.3300285875628,-1251.04
2630,-1322.3300285875628,-1251.04
2631,-1322.3300285875628,-1251.04
2632,-1331.9675418998936,-1251.04
2633,-1331.9675418998936,-1251.04
2634,-1331.9675418998936,-1251.04
2635,-1332.2771291930617,-1251.04
2636,-1332.2771291930617,-1251.04
2637,-1332.2771291930617,-1251.04
2638,-1331.8893098627234,-1251.04
2639,-1331.8893098627234,-1251.04
2640,-1331.8893098627234,-1270.2
2641,-1331.8893098627234,-1270.2
2642,-1328.6240338753744,-1270.2
2643,-1328.6240338753744,-1270.2
2644,-1328.6240338753744,-1270.2
2645,-1326.2564042873507,-1270.2
2646,-1326.2564042873507,-1270.2
2647,-1326.2564042873507,-1270.2
2648,-1333.7002195209811,-1270.2
2649,-1333.7002195209811,-1270.2
2650,-1333.7002195209811,-1270.2
2651,-1340.8929479270314,-1270.2
2652,-1340.8929479270314,-1270.2
2653,-1340.8929479270314,-1270.2
2654,-1340.7370607425214,-1270.2
2655,-1340.7370607425214,-1270.2
2656,-1340.7370607425214,-1277.3899999999999
2657,-1340.7370607425214,-1277.3899999999999
2658,-1344.9036319559132,-1277.3899999999999
2659,-1344.9036319559132,-1277.3899999999999
2660,-1344.9036319559132,-1277.3899999999999
2661,-1345.2126022202574,-1277.3899999999999
2662,-1345.2126022202574,-1277.3899999999999
2663,-1345.2126022202574,-1277.3899999999999
2664,-1344.0945533297959,-1277.3899999999999
2665,-1344.0945533297959,-1277.3899999999999
2666,-1344.0945533297959,-1277.3899999999999
2667,-1348.4260906587515,-1277.3899999999999
2668,-1348.4260906587515,-1277.3899999999999
2669,-1348.4260906587515,-1277.3899999999999
2670,-1354.5289767207717,-1277.3899999999999
2671,-1354.5289767207717,-1277.3899999999999
2672,-1354.5289767207717,-1304.3899999999999
2673,-1354.5289767207717,-1304.3899999999999
2674,-1358.4384479587075,-1304.3899999999999
2675,-1358.4384479587075,-1304.3899999999999
2676,-1358.4384479587075,-1304.3899999999999
2677,-1355.4334696743463,-1304.3899999999999
2678,-1355.4334696743463,-1304.3899999999999
2679,-1355.4334696743463,-1304.3899999999999
2680,-1358.5956188046225,-1304.3899999999999
2681,-1358.5956188046225,-1304.3899999999999
2682,-1358.5956188046225,-1304.3899999999999
2683,-1361.336240377957,-1304.3899999999999
2684,-1361.336240377957,-1304.3899999999999
2685,-1361.336240377957,-1304.3899999999999
2686,-1359.9135079274472,-1304.3899999999999
2687,-1359.9135079274472,-1304.3899999999999
2688,-1359.9135079274472,-1320.02
2689,-1359.9135079274472,-1320.02
2690,-1369.1991294674706,-1320.02
2691,-1369.1991294674706,-1320.02
2692,-1369.1991294674706,-1320.02
2693,-1366.2917868888028,-1320.02
2694,-1366.2917868888028,-1320.02
2695,-1366.2917868888028,-1320.02
2696,-1370.8560845568732,-1320.02
2697,-1370.8560845568732,-1320.02
2698,-1370.8560845568732,-1320.02
2699,-1369.3552457192209,-1320.02
2700,-1369.3552457192209,-1320.02
2701,-1369.3552457192209,-1320.02
2702,-1377.4107754043048,-1320.02
2703,-1377.4107754043048,-1320.02
2704,-1377.4107754043048,-1332.27
2705,-1377.4107754043048,-1332.27
2706,-1383.6042982697622,-1332.27
2707,-1383.6042982697622,-1332.27
2708,-1383.6042982697622,-1332.27
2709,-1381.5114143167323,-1332.27
2710,-1381.5114143167323,-1332.27
2711,-1381.5114143167323,-1332.27
2712,-1381.1616365327434,-1332.27
2713,-1381.1616365327434,-1332.27
2714,-1381.1616365327434,-1332.27
2715,-1381.948396372775,-1332.27
2716,-1381.948396372775,-1332.27
2717,-1381.948396372775,-1332.27
2718,-1383.7850333170552,-1332.27
2719,-1383.7850333170552,-1332.27
2720,-1383.7850333170552,-1345.55
2721,-1383.7850333170552,-1345.55
2722,-1395.45528347688,-1345.55
2723,-1395.45528347688,-1345.55
2724,-1395.45528347688,-1345.55
2725,-1395.45528347688,-1345.55
2726,-1395.45528347688,-1345.55
2727,-1395.45528347688,-1345.55
2728,-1398.9023579369232,-1345.55
2729,-1398.9023579369232,-1345.55
2730,-1398.9023579369232,-1345.55
2731,-1398.9023579369232,-1345.55
2732,-1398.9023579369232,-1345.55
2733,-1398.9023579369232,-1345.55
2734,-1398.9023579369232,-1345.55
2735,-1396.7606396991305,-1345.55
2736,-1396.7606396991305,-1345.55
2737,-1396.7606396991305,-1358.74
2738,-1396.7606396991305,-1358.74
2739,-1400.7776603535583,-1358.74
2740,-1400.7776603535583,-1358.74
2741,-1400.7776603535583,-1358.74
2742,-1407.7093261153932,-1358.74
2743,-1407.7093261153932,-1358.74
2744,-1407.7093261153932,-1358.74
2745,-1415.2037374915592,-1358.74
2746,-1415.2037374915592,-1358.74
2747,-1415.2037374915592,-1358.74
2748,-1418.344211682464,-1358.74
2749,-1418.344211682464,-1358.74
