xacc,yacc,zacc,xmag,ymag,zmag
-264,312,16613,225,129,-379
-294,322,16592,215,144,-371
-273,359,16602,220,136,-371
-209,261,16584,212,136,-369
-306,336,16563,217,139,-369
-436,330,16464,217,129,-369
-585,202,16418,225,136,-371
-626,240,16374,217,139,-379
-446,262,16473,225,129,-366
-454,352,16467,219,128,-367
-441,250,16443,208,140,-370
-566,253,16390,216,135,-367
-678,263,16389,220,136,-383
-552,291,16574,219,130,-377
-408,294,16512,216,145,-377
-406,324,16492,215,131,-366
-578,380,16344,225,134,-371
-506,436,16404,217,136,-376
-561,322,16409,221,138,-377
-474,329,16455,213,138,-367
-195,618,16543,219,135,-372
-291,655,16532,219,140,-375
-365,771,16584,217,139,-369
-221,607,16706,219,130,-370
-239,494,16584,213,135,-375
-103,580,16741,217,131,-371
-92,875,16572,217,134,-379
-408,820,16276,220,136,-366
-854,340,15750,223,129,-369
-822,256,15546,225,136,-364
-906,232,15492,213,135,-372
-904,-88,15563,216,140,-365
-641,-246,15786,221,142,-372
-50,280,15791,216,130,-365
573,346,16394,208,140,-365
267,415,16274,224,142,-370
70,-368,16371,212,153,-369
104,-649,16840,221,142,-367
265,-774,16999,217,148,-369
524,-595,17156,224,145,-365
348,-691,17061,217,156,-356
-102,-706,16478,216,147,-363
34,-580,16490,213,157,-367
487,-1242,16816,221,145,-360
761,-1203,17094,207,161,-359
153,-1193,16558,213,155,-345
-213,-1878,16399,217,156,-366
265,-2660,16978,216,157,-365
829,-2161,17392,216,159,-360
757,-1861,17138,220,156,-366
692,-1600,16941,221,157,-350
898,-1410,17086,211,157,-360
1176,-1321,17038,213,155,-365
1241,-1585,17228,223,151,-359
864,-1638,17118,213,162,-358
139,-1740,16870,212,153,-356
-522,-2033,16512,213,150,-365
-722,-1980,16534,216,150,-365
-228,-1338,16668,211,159,-360
20,-920,16699,208,155,-358
125,-694,16417,220,156,-369
122,-636,16576,219,155,-360
91,-190,16430,215,156,-366
-388,-455,15949,221,155,-372
-824,-891,15824,220,151,-356
-915,-796,15616,217,156,-361
-1176,-743,15551,212,156,-369
-1488,-661,15614,221,152,-360
-1572,-588,15113,219,147,-375
-47,373,17130,215,151,-369
-168,-377,16194,212,151,-366
-351,-77,16496,213,155,-367
-815,45,16474,217,151,-366
-814,276,16023,208,152,-360
-950,-1015,15819,215,151,-369
-659,126,16284,212,151,-356
-1148,-831,15663,213,152,-360
-689,-636,16311,211,157,-375
309,-2441,16682,210,148,-361
-77,-1158,16775,189,158,-366
581,-1203,16988,198,167,-367
-93,-1586,16777,211,155,-367
243,-1766,16549,204,156,-364
105,-1947,16937,211,157,-365
131,-1625,16544,212,148,-371
-316,-1444,16407,206,157,-365
-272,-1534,16314,215,141,-364
148,-2212,15943,221,155,-363
-26,-926,16095,223,153,-366
1006,-448,16314,220,136,-364
2013,182,16243,230,144,-369
1224,-1075,16228,230,136,-364
503,-1702,16214,247,125,-370
1048,-1275,16521,241,124,-371
1055,-1230,16334,233,122,-371
1723,-989,16919,250,121,-377
1962,-1364,16490,237,116,-377
1559,-1115,16578,250,111,-375
1174,-1025,16821,250,123,-372
1956,-936,16555,258,99,-375
1469,-1783,16585,266,104,-375
1095,-1859,16299,262,100,-369
378,-1202,16018,272,102,-366
-14,-1695,15751,272,93,-374
405,-2247,16339,280,98,-366
285,-1760,16649,285,90,-374
-13,-1776,15816,289,82,-370
466,-1327,16011,293,69,-359
43,-1312,16515,302,67,-367
290,-304,16831,290,59,-371
-409,931,16792,306,49,-361
-919,911,16019,303,47,-364
-1131,-863,16183,317,42,-359
-1852,-2330,16361,306,27,-356
-1165,-2090,17032,303,20,-364
-697,-1621,16532,303,18,-364
-675,-594,16267,314,20,-364
-295,-282,16387,313,-2,-363
-269,-560,16918,300,0,-377
-1706,-2626,16285,301,-15,-371
-778,-1458,16836,303,-27,-374
-681,-835,16663,284,-29,-370
-108,91,16508,290,-30,-366
1411,-129,15763,284,-38,-377
1355,-240,16424,280,-44,-379
260,-201,16649,276,-50,-385
-601,-314,16965,275,-54,-383
-1288,-96,16261,280,-64,-374
-621,-1110,16137,273,-67,-372
596,-1234,16205,276,-67,-370
101,-1539,15800,271,-60,-365
133,-78,16615,259,-71,-364
-1207,-243,16914,264,-78,-379
-1204,-819,16773,262,-83,-371
341,-1405,16090,255,-82,-380
1504,-1548,15413,249,-100,-364
-741,-1188,15715,236,-100,-379
-1283,-1679,16968,232,-113,-367
-1542,-714,17369,224,-111,-367
-807,-45,16103,212,-117,-371
635,-616,16109,215,-119,-379
-474,-1025,16652,199,-112,-376
-503,-2228,16862,197,-129,-374
19,-2488,16316,195,-125,-380
420,-910,16405,178,-129,-376
288,-848,16263,173,-136,-376
-302,582,16698,167,-140,-385
-385,-431,16974,167,-145,-377
-563,-2360,16631,155,-139,-376
-532,83,15811,143,-142,-370
963,1250,15357,142,-151,-379
438,-109,15315,134,-136,-376
-969,-1734,16207,131,-136,-369
-1147,-1502,16887,123,-141,-371
-575,-854,15976,125,-133,-365
-1285,-116,16167,112,-138,-367
-246,-185,15980,105,-139,-366
-781,-1040,16409,93,-128,-377
-1771,-1836,17296,95,-122,-369
-582,-2201,17284,84,-129,-369
-577,296,16527,71,-131,-366
-630,541,16051,73,-123,-372
-694,376,16419,69,-117,-366
362,-1169,16607,66,-119,-366
33,-3153,16962,52,-116,-372
66,-3635,16564,52,-111,-375
240,-1690,15867,46,-113,-375
-1077,-152,15495,41,-101,-365
-253,-1416,16564,32,-102,-371
474,-2716,17482,37,-95,-359
-369,-2665,16836,37,-102,-369
-2242,-1921,17114,28,-94,-365
-1708,-1542,16486,20,-92,-363
384,-396,16763,15,-106,-363
-390,-401,16383,27,-100,-369
64,-168,16698,23,-104,-358
716,327,15900,23,-94,-358
229,12,16437,16,-93,-361
1189,708,15964,18,-99,-363
-1027,201,15315,16,-110,-361
-704,-2059,17111,7,-104,-358
-222,2668,16666,16,-110,-352
537,1001,17291,-5,-101,-343
1791,-731,16992,-7,-104,-340
2576,-2745,16256,-22,-95,-354
3755,1161,17857,-24,-98,-342
3155,2935,19603,-32,-85,-342
2438,3264,19723,-22,-76,-347
1990,5224,18478,-24,-69,-354
614,1493,18244,-11,-66,-354
-844,1526,16592,-2,-67,-358
-2442,2206,14877,-1,-56,-366
-3420,2710,13606,10,-48,-372
-4377,2872,13267,30,-47,-376
-4336,4042,14055,39,-46,-382
-4327,2657,15728,20,-41,-385
-4274,724,15591,37,-23,-388
-5682,2008,14870,36,-19,-388
-5115,1865,14888,33,-7,-392
-3843,2222,15057,37,-8,-379
-2881,1382,15854,30,-6,-388
-3258,1273,15195,31,0,-392
-6334,3276,13848,28,12,-382
-6619,2557,13537,28,9,-385
-5183,2150,14532,28,26,-392
-3407,1226,15737,28,33,-385
-3052,-298,16566,30,44,-379
-3254,347,16095,20,41,-380
-4082,889,15378,23,43,-387
-4681,2187,15549,23,46,-392
-3157,320,15076,24,42,-381
-2715,114,15801,26,50,-385
-2209,-1635,16998,28,55,-392
-3582,-763,17623,30,73,-381
-4335,2599,17010,27,54,-381
-3936,2852,15976,37,64,-383
-3124,-150,15592,30,73,-379
-3160,-1576,15148,32,61,-388
-3481,-1905,14544,32,73,-376
-4274,-1247,14864,27,76,-376
-4948,-6694,20537,23,87,-380
-1938,851,15712,23,99,-372
-3008,-1796,15839,39,106,-375
-2910,-2491,15368,45,105,-381
-3528,-2627,16502,52,116,-375
-4105,-2477,16522,49,121,-367
-3360,-2460,15439,56,119,-386
-4845,-1459,16102,70,128,-377
-3369,-1340,16270,78,140,-375
-2966,-753,17071,79,131,-376
-3294,-1076,16553,88,145,-365
-3778,-868,15934,96,138,-367
-3569,-1111,15830,104,147,-375
-2870,-560,16478,110,141,-379
-3201,-170,16417,113,139,-381
-3553,-20,16390,116,139,-366
-3487,-16,16207,135,150,-375
-3432,-522,16101,130,152,-372
-2855,-605,15797,135,150,-365
-3819,270,15770,134,158,-369
-4366,-82,15416,152,163,-366
-4220,-79,15353,147,168,-361
-3480,422,16336,161,169,-363
-2648,-854,16587,150,168,-364
-2543,-780,16733,165,170,-359
-2033,-952,15985,178,178,-352
-2751,-701,15574,170,163,-366
-3025,-2089,15765,190,167,-358
-2889,-1562,16801,190,176,-355
-3483,-1380,16827,193,176,-345
-3871,-953,16053,199,163,-354
-2848,-1060,15481,203,169,-340
-2847,-1853,15649,200,174,-343
-2088,-1945,15782,203,179,-350
-2022,-2176,15948,211,181,-345
-1756,-2206,15865,208,169,-345
-1916,-2046,16261,210,170,-342
-2048,-1623,16397,215,173,-347
-2309,-1425,15739,217,173,-354
-2604,-1003,15786,215,175,-349
-2631,-1103,16129,228,168,-342
-2190,-1190,15660,230,168,-349
-2286,-1341,15796,225,165,-347
-2785,-1706,15997,227,164,-348
-1859,-1629,16170,229,171,-345
-1104,-2341,16477,232,169,-353
-394,-2350,16745,236,170,-344
-268,-2393,17218,236,170,-347
-301,-2529,16967,227,174,-338
-249,-2652,16380,240,162,-343
-436,-2396,16944,241,165,-337
-822,-1896,17326,233,168,-339
-941,-2345,16627,233,168,-349
-429,-2394,16798,236,165,-347
-176,-2713,16974,243,170,-344
-448,-2702,16592,246,173,-337
-1330,-2867,16337,242,174,-333
-2106,-3258,16117,245,174,-340
-2884,-3429,15806,260,181,-333
-2642,-3986,15042,243,178,-329
-2985,-2948,15187,249,180,-322
-3382,-3301,14597,243,190,-329
-3737,-4115,15862,240,181,-331
-2859,-3598,16574,229,184,-333
-2443,-4827,14983,232,193,-328
-2177,-5850,14551,212,192,-325
125,-6069,15497,194,197,-322
177,-4608,17006,203,205,-331
-142,-3608,18265,180,193,-333
-1426,-1892,18439,178,202,-339
-1312,-3349,16093,165,202,-339
-1380,-2517,16180,164,193,-340
32,-3672,15315,150,194,-332
815,-4407,14982,142,207,-329
1055,-4441,17206,129,207,-325
118,-3872,17473,122,213,-340
220,-3622,14996,113,207,-327
-125,-5000,14333,105,209,-327
-49,-4912,17309,97,202,-334
972,-3384,16695,90,211,-325
1806,-4106,16117,76,209,-322
1188,-3331,15792,66,214,-332
-276,-3876,15351,62,213,-316
-164,-4671,16363,66,202,-317
1601,-4037,16554,50,202,-317
390,-4563,15343,45,209,-312
-75,-2432,16064,40,207,-302
1092,-3807,16498,37,211,-312
1208,-3774,16435,30,204,-307
1876,-4518,15764,31,215,-318
2487,-7503,13916,11,204,-307
1422,-7113,13953,10,217,-299
1250,-6146,14816,-1,204,-300
1198,-1818,16687,0,193,-296
1631,-5843,15115,-13,198,-296
1746,-6253,15299,-6,182,-295
2508,-6783,15199,-16,182,-295
1380,-6430,15903,-16,194,-300
-1543,-7254,13887,-9,194,-300
-282,-6897,13709,-22,194,-295
1513,-7621,14712,-11,192,-298
1969,-8427,15215,-18,188,-296
1240,-8420,14941,-16,178,-290
649,-7968,15509,-31,171,-299
865,-8028,14677,-43,175,-302
864,-8787,13999,-30,182,-305
791,-8527,14376,-35,168,-317
998,-9421,13502,-33,164,-311
789,-9492,12689,-30,175,-312
1034,-9451,13284,-30,175,-310
-865,-9822,13739,-13,174,-326
-1893,-10164,13310,-22,165,-322
-142,-9542,12445,-16,163,-329
543,-9616,12647,-19,165,-329
51,-9882,13509,-14,165,-325
-1154,-8689,14637,-27,163,-329
-1086,-10865,13018,-15,155,-336
-1564,-10282,12451,-10,152,-333
-1544,-9571,12916,-5,147,-350
-2023,-10783,13091,-2,138,-340
-1679,-10840,12346,0,150,-355
-1700,-11524,11776,7,150,-353
-1421,-10027,12069,9,144,-352
-2704,-9942,12227,11,134,-354
-2557,-11308,11840,27,141,-364
-2829,-10762,11731,20,133,-367
-2679,-11055,11634,26,123,-358
-2142,-11449,12052,20,125,-375
-1059,-9796,12357,35,124,-374
-2044,-10197,12895,23,118,-382
-1686,-11704,12691,30,110,-374
-1940,-10162,13412,28,111,-382
-2168,-10561,13592,27,100,-383
-1431,-10261,12790,43,100,-388
-1150,-9422,12912,33,92,-385
-2508,-9183,13425,49,87,-399
-1749,-9132,14095,50,85,-405
-1705,-9984,13659,61,83,-410
-1596,-10677,11959,71,93,-401
-2428,-11678,10834,75,84,-402
-4506,-12019,10631,84,83,-410
-3967,-11121,11014,84,81,-408
-3968,-10010,11229,100,85,-405
-4790,-9862,11123,114,82,-402
-3677,-10211,11019,118,81,-405
-3426,-10134,10356,123,88,-408
-4689,-10528,10210,143,77,-399
-5547,-9711,10755,135,87,-409
-6090,-10110,11631,140,89,-407
-4138,-8760,13181,133,67,-404
-2929,-10481,13256,133,70,-407
-4583,-11830,13301,159,75,-407
-5494,-11914,12627,148,70,-409
-7572,-11195,12023,155,65,-407
-7936,-9951,12199,170,61,-410
-5268,-8788,11993,164,70,-412
-3855,-11139,11316,190,65,-412
-5772,-12578,10438,185,67,-394
-6783,-13130,10439,187,75,-407
-5824,-12226,10804,200,75,-402
-5368,-11673,10690,199,69,-403
-5715,-12141,9847,213,70,-397
-6650,-12656,9657,207,66,-405
-6561,-12191,10023,215,71,-398
-6788,-11625,10345,223,69,-403
-6095,-10641,10662,219,67,-402
-4640,-10709,10012,221,62,-392
-5076,-11329,9610,228,69,-388
-5012,-10953,9588,227,67,-385
-5139,-10767,9843,233,59,-396
-6257,-9888,10132,232,67,-394
-5063,-10258,10061,238,61,-396
-4515,-10559,9947,228,56,-391
-6680,-11329,10384,232,58,-392
-6519,-10578,11521,228,56,-401
-6952,-6161,15060,233,54,-391
-7518,-11871,8118,245,58,-392
-6482,-11481,10245,245,53,-387
-5264,-13225,10709,247,50,-385
-4967,-12861,10214,263,58,-385
-6941,-11556,10566,253,50,-387
-6774,-9784,10405,255,53,-385
-6431,-8864,12108,255,53,-380
-5870,-10206,13100,267,56,-383
-6063,-12651,8561,267,61,-381
-8101,-12185,7345,280,59,-371
-1911,-11309,17563,279,60,-375
-6315,-9875,10710,277,52,-371
-6053,-10070,11572,279,70,-375
-5605,-13548,9635,281,67,-370
-4514,-10995,11963,285,66,-369
-4124,-12973,10163,280,69,-366
-2797,-10569,12005,287,72,-365
-3011,-10305,10962,272,66,-379
-3882,-10553,11661,289,48,-372
-2638,-10151,14854,275,61,-386
-2239,-10598,15975,272,59,-369
-4459,-12621,11967,272,66,-376
-5188,-11336,10760,292,62,-363
-4945,-11818,10620,287,67,-358
-5126,-11931,10093,302,67,-365
-4571,-11284,10113,300,62,-350
-3877,-10836,11907,306,71,-366
-2569,-11194,12298,301,81,-349
-3715,-12234,11990,311,71,-359
-5234,-12295,10806,301,69,-361
-7052,-11528,10508,309,71,-354
-6935,-11176,11687,311,73,-344
-2953,-11510,12032,319,73,-342
-1434,-10129,11542,318,75,-350
-2827,-9643,11138,324,81,-337
-4194,-10004,10406,318,79,-345
-3938,-11016,11344,322,83,-334
-3349,-12061,12961,319,93,-337
-3054,-12459,10548,311,105,-334
-3812,-13406,10042,322,115,-327
-3821,-12411,10388,331,118,-333
-989,-12159,11056,323,121,-326
-1802,-11553,11676,313,113,-321
-49,-12066,12397,318,113,-338
455,-10956,13130,319,112,-329
-1068,-12925,12319,315,116,-331
-1670,-12588,11341,303,117,-322
-1482,-11401,11367,310,116,-314
-1295,-10416,11858,313,121,-321
-1178,-10275,11868,319,124,-315
-863,-10212,11987,320,125,-316
-1091,-10295,12207,319,124,-310
-2662,-11877,11182,323,133,-301
-2837,-13109,10201,330,131,-295
-3087,-12738,9841,344,142,-287
-3249,-12210,10047,353,139,-275
-3400,-11918,10832,347,147,-272
-3668,-12109,10789,349,150,-272
-4347,-12191,9866,349,152,-257
-4997,-12985,9248,349,155,-250
-4509,-14273,9539,350,158,-248
-4130,-13314,10004,360,157,-237
-4905,-13172,9236,356,168,-239
-5680,-13131,8104,358,163,-224
-5671,-14054,7892,360,157,-213
-4856,-14706,8500,366,178,-207
-5994,-15032,5659,358,168,-214
-4122,-13408,7884,354,169,-206
-3154,-10804,10740,358,170,-222
-2018,-11660,11753,358,178,-217
-2454,-10640,11478,339,181,-220
-3684,-12381,9537,340,182,-226
-2742,-17816,10614,335,192,-219
-4054,-15164,8200,343,204,-202
-4012,-12621,8222,354,196,-198
-5543,-9664,7831,339,193,-191
-4626,-12065,8495,349,196,-196
-4543,-13857,8471,339,205,-198
-4183,-13654,9207,353,209,-190
-3551,-12722,9882,337,214,-195
-4690,-11581,8446,339,208,-188
-3238,-14348,10940,337,214,-190
-4379,-14132,8399,330,219,-182
-3816,-14298,8899,326,217,-181
2477,-13553,16783,319,209,-177
-2639,-11648,10719,330,221,-177
-3561,-14746,7228,324,221,-168
-3520,-13985,7566,319,231,-148
-4062,-6779,12913,314,233,-136
-2836,-14700,6457,301,243,-138
-3008,-14595,6140,285,253,-126
-2898,-14906,6432,264,254,-120
-2238,-14980,6911,264,257,-114
-1569,-14734,7660,251,262,-114
-1685,-15857,7332,247,276,-98
-1246,-14978,7502,225,272,-101
-1606,-14812,7164,220,282,-94
-1475,-15532,7061,216,285,-103
-1665,-15723,7069,216,285,-103
-1709,-15087,7572,191,286,-91
-1337,-14852,7586,185,285,-95
-1517,-15151,7452,187,276,-98
-1451,-15162,7324,195,290,-98
-1503,-15595,7009,193,280,-90
-1233,-15074,6820,181,289,-84
-1602,-14621,7414,186,286,-94
-1892,-14882,7821,193,288,-88
-2336,-14448,8184,193,290,-95
-2463,-13728,7610,169,290,-103
-2565,-13953,6974,176,279,-91
-1671,-14693,7461,177,297,-105
-1485,-15669,8201,168,299,-99
-1087,-14428,8139,168,294,-106
-1575,-13967,7493,160,289,-111
-2070,-13875,7416,164,290,-120
-2520,-14029,7959,143,290,-127
-4207,-13954,9516,147,294,-128
-3157,-13954,8864,143,288,-120
-853,-11279,9101,143,288,-147
276,-12558,8999,153,288,-139
-3470,-14389,9511,121,301,-155
-3033,-11595,10914,130,293,-144
-910,-12851,10858,125,280,-161
-1761,-12541,10901,114,285,-164
-905,-12842,9893,108,291,-165
-2675,-12631,9719,104,288,-166
-2200,-13161,10206,99,288,-164
-2160,-12458,10800,101,290,-171
-1086,-12339,10842,93,290,-179
-753,-13561,11541,87,286,-182
-4,-13256,11091,87,286,-177
-1880,-11184,11240,79,274,-185
-1306,-13016,10633,80,285,-193
-330,-13052,11401,67,280,-186
-3,-12919,11025,62,266,-201
-455,-12360,10961,43,260,-195
-1245,-12614,10390,45,267,-212
-716,-12593,10549,33,268,-210
-1384,-13427,9960,35,262,-229
-1009,-10828,11126,40,253,-231
-1744,-10026,11967,33,249,-247
-1290,-9860,12835,23,242,-245
-1220,-9496,13016,33,239,-255
-880,-9594,13127,20,234,-267
-602,-9434,13284,28,234,-272
-894,-10132,13382,16,216,-275
-1188,-9914,13429,20,234,-282
-1003,-8883,14823,11,216,-283
42,-9901,14120,16,209,-288
-959,-10624,12858,14,216,-290
-910,-10165,12669,11,211,-288
-1246,-9104,14062,6,204,-302
-655,-9980,13744,16,204,-300
-907,-11475,12195,6,214,-300
-1724,-11281,12079,5,198,-304
-3033,-12062,12365,5,203,-306
-2176,-10989,12254,2,193,-306
-1637,-9050,12628,7,193,-306
-2289,-9964,12129,7,193,-321
-2782,-10897,12048,3,190,-322
-2392,-9983,12744,0,188,-321
-2873,-8983,12732,11,185,-322
-2094,-10167,12702,18,179,-321
-2023,-9979,12975,22,187,-325
-1999,-10771,13375,10,188,-323
-1586,-10571,14158,28,179,-338
-1969,-10839,13211,15,171,-336
-2670,-10429,12523,18,171,-340
-3226,-10263,12091,16,173,-344
-2765,-10106,12851,24,170,-352
-2585,-9915,13093,35,161,-352
-2639,-8902,13228,27,158,-356
-3938,-8997,13284,31,147,-365
-5115,-8399,13265,39,150,-367
-5407,-7040,13569,43,141,-361
-5249,-6921,13575,49,138,-365
-4625,-8399,12859,50,144,-366
-4371,-9458,12768,65,135,-372
-4998,-9352,12879,62,128,-380
-5310,-8657,12806,67,128,-380
-4593,-8535,13688,79,131,-376
-5176,-8609,13541,91,125,-392
-5117,-8464,13168,84,122,-393
-5604,-8879,12032,95,110,-391
-6559,-10150,11468,93,113,-397
-7016,-10353,11248,108,119,-393
-7519,-8870,11503,117,121,-402
-7540,-7815,11972,126,105,-391
-7960,-8445,11543,131,107,-391
-8093,-8813,11337,138,113,-404
-7624,-8516,11978,140,101,-392
-7973,-9783,10956,142,112,-388
-8779,-9114,10942,159,111,-382
-9552,-8686,10705,177,101,-387
-10595,-10867,8897,172,106,-394
-9564,-9529,10388,161,99,-394
-10171,-9707,8616,177,96,-385
-10291,-9121,9109,173,102,-401
-10304,-8947,9977,169,104,-390
-9259,-9882,11302,167,89,-394
-8991,-8772,11630,161,84,-392
-8461,-9897,11545,164,94,-397
-8796,-8970,10717,174,96,-402
-10208,-6522,11304,161,87,-399
-9627,-7228,11798,165,93,-398
-7895,-7988,12175,156,84,-390
-7249,-8621,11757,163,78,-408
-6979,-9005,11083,164,87,-404
-7563,-8148,12312,146,87,-394
-7702,-7217,12874,143,84,-404
-8391,-6968,12930,143,75,-407
-8047,-10450,11586,139,76,-401
-7169,-9862,11266,138,82,-412
-7980,-7687,12186,146,70,-409
-8616,-7532,12504,144,66,-403
-8876,-7539,12831,135,70,-397
-8012,-7455,13255,136,59,-405
-7454,-7362,12909,143,65,-404
-7549,-7306,12273,136,59,-408
-7117,-7396,12354,146,65,-409
-8013,-5516,14142,133,53,-412
-8335,-5603,14662,139,66,-405
-8348,-6174,13422,143,60,-412
-7710,-7235,12664,140,60,-414
-7874,-9662,13044,127,75,-402
-7006,-8642,12189,133,70,-412
-6626,-10539,10923,120,77,-402
-7750,-10514,10808,110,88,-405
-7519,-9298,13074,103,88,-401
-6456,-8623,12447,99,84,-402
-5227,-9534,12569,103,88,-398
-3694,-8573,12729,73,101,-399
-2407,-8756,12210,56,90,-396
-2322,-7764,12866,35,102,-391
-2849,-7978,14256,27,102,-388
-2044,-8504,14990,15,101,-375
-1900,-8700,14872,5,106,-370
-1196,-9008,14475,-7,111,-358
-542,-8947,14054,-23,111,-350
806,-9174,13704,-23,108,-353
703,-9295,13754,-39,116,-345
959,-9684,13679,-37,124,-337
1552,-9009,13642,-46,121,-343
1854,-9570,13772,-52,121,-331
2200,-9921,13904,-60,123,-309
1750,-10106,13552,-65,121,-304
2130,-8565,14310,-80,118,-314
3136,-9238,13779,-80,121,-304
4530,-9742,12052,-79,129,-293
5616,-9844,11739,-90,131,-268
5341,-10119,11509,-100,129,-266
6318,-9345,11447,-113,144,-246
7138,-9268,10571,-120,135,-220
6887,-8167,7779,-123,144,-222
5810,-11045,10117,-117,152,-210
8489,-10419,9981,-110,165,-199
8269,-12002,9887,-116,170,-192
8374,-11921,9856,-117,167,-186
7272,-13096,8706,-113,185,-180
6409,-12169,8327,-105,175,-177
7625,-7919,11030,-113,178,-180
8094,-8369,11349,-101,179,-191
7624,-10461,11355,-99,176,-181
8039,-8722,12022,-103,173,-187
7027,-9619,10766,-104,186,-186
5770,-10912,10278,-96,188,-186
6989,-7493,10646,-96,193,-174
8359,-8822,11326,-88,205,-193
7856,-10183,11181,-82,211,-177
6914,-10636,10687,-62,210,-183
6024,-12224,10471,-69,207,-187
5620,-11490,10203,-62,210,-186
5089,-14748,10439,-52,222,-186
7172,-10717,12128,-46,215,-179
7079,-9424,11084,-52,230,-181
5751,-9594,10187,-41,234,-196
5626,-9919,10565,-30,236,-199
4906,-10142,11533,-27,231,-190
5694,-10294,12451,-27,240,-202
4762,-9944,12133,-26,247,-196
4477,-9213,11363,-16,245,-204
4390,-9717,11902,-19,248,-209
4395,-9428,12018,-9,253,-199
4625,-8254,12068,-7,261,-198
4948,-7716,12174,-6,240,-204
5317,-8912,12771,1,255,-199
5916,-8962,11846,-15,251,-196
4300,-14431,12653,-9,250,-192
3627,-12960,11699,-5,259,-193
6803,-15058,10464,7,261,-188
5285,-10457,11234,5,256,-193
3219,-6997,12020,-1,260,-190
5015,-12419,12435,5,261,-198
7482,-10574,11640,7,259,-196
6162,-11072,10900,18,268,-196
6493,-9348,11355,19,267,-195
3541,-11125,12914,19,262,-190
-296,-13843,12966,35,262,-192
2051,-9090,9221,32,270,-207
938,-11014,9899,39,261,-208
3394,-10495,11091,43,267,-222
3142,-9931,11678,56,267,-224
4922,-8108,10448,52,266,-225
5535,-6216,13124,49,259,-230
8088,-6678,13983,62,254,-252
6425,-8919,17477,60,249,-267
7287,-7634,17620,70,249,-267
5300,-3370,16321,69,248,-271
3519,-5124,14485,76,262,-271
2779,-8321,12770,92,262,-271
3449,-10091,11467,100,265,-253
3743,-11458,11197,108,265,-251
3706,-9276,12765,114,276,-247
2823,-6791,13763,121,267,-251
3082,-8104,13650,123,270,-256
3745,-10052,13116,130,273,-255
4038,-10029,12895,129,257,-251
3879,-11344,12335,140,266,-247
3674,-10713,12136,142,267,-256
3623,-9588,12903,140,261,-250
3657,-8507,13908,146,254,-257
3476,-8778,13718,147,270,-256
3576,-9848,12903,139,265,-266
3196,-9763,12731,155,265,-258
2956,-9715,12395,156,266,-264
2944,-9785,12440,160,248,-263
3963,-9338,13089,165,265,-268
3455,-7592,13878,168,253,-271
2308,-7685,13282,173,248,-283
1750,-8715,12131,159,254,-277
3012,-9568,11162,186,248,-285
5501,-9742,13130,174,244,-279
6402,-6596,14686,177,249,-279
5419,-7821,14724,181,240,-278
4542,-9025,12707,169,234,-287
4124,-8643,12626,182,239,-279
5501,-10124,12710,178,240,-285
5178,-10154,13008,182,237,-277
3671,-8452,12835,189,238,-285
3688,-9140,12954,190,242,-279
3519,-8885,12551,197,233,-285
3291,-10274,13133,208,237,-287
3130,-9691,13385,225,233,-302
3694,-8577,12735,212,231,-290
2882,-8933,13173,225,216,-290
2081,-10242,13986,234,217,-299
2655,-8372,13604,233,211,-300
2394,-9344,14515,247,208,-299
781,-8583,15369,246,202,-300
443,-8897,14756,259,187,-310
841,-8150,13821,262,187,-310
1059,-8077,13675,267,173,-317
1203,-8838,13100,270,170,-320
1632,-10284,13474,262,170,-320
1996,-10051,13396,260,159,-323
2661,-10809,13206,260,159,-336
2335,-10395,12898,264,161,-332
2260,-10264,12576,263,142,-338
2739,-10408,13096,264,151,-344
2005,-9017,13310,258,128,-345
1600,-8631,13695,272,139,-347
1795,-7785,14021,273,125,-348
570,-8345,15051,284,121,-348
-545,-7441,15885,272,112,-352
723,-8508,15834,280,105,-359
1307,-8604,14516,275,95,-356
2367,-8322,13340,262,90,-366
1355,-6161,14305,275,78,-366
726,-6615,15122,284,77,-365
668,-7578,15696,284,65,-370
-36,-7311,15059,280,59,-371
-44,-4930,15304,285,35,-369
930,-5335,15084,290,23,-383
-951,-2445,16069,279,7,-375
-768,-4174,16013,290,8,-376
83,-4434,14926,283,1,-381
847,-4138,15571,266,-9,-377
1053,-2966,15322,268,-21,-387
-217,-3732,15353,273,-29,-380
-402,-4487,15988,263,-19,-377
856,-4759,15598,264,-18,-383
880,-4596,15811,267,-39,-386
-760,-1262,17121,267,-39,-386
-1586,-2543,15881,238,-35,-381
-693,-3868,16033,247,-41,-385
-669,-5297,16368,260,-31,-382
-572,-4569,16293,247,-38,-377
-82,-5530,16294,249,-27,-388
-536,-5302,15921,245,-29,-387
-306,-5381,15344,250,-24,-392
-90,-5533,15154,257,-20,-379
-290,-5691,14831,240,-26,-399
-691,-6430,15417,249,-15,-398
-716,-7667,15458,238,-8,-393
-744,-6678,15033,232,-19,-399
-204,-6620,14507,233,-3,-393
-213,-7114,14118,232,-7,-394
-765,-7866,14372,240,-4,-394
-1616,-8528,15095,243,-8,-401
-2369,-8861,15631,233,-6,-393
-2550,-8593,15144,234,-7,-394
-2410,-8065,15065,228,-6,-388
-1916,-7747,14346,217,-6,-396
-1691,-8684,13708,221,-9,-397
-1920,-10018,13857,229,-4,-394
-2091,-9142,13758,220,-15,-408
-2477,-8653,13967,213,-16,-399
-2841,-8702,14834,207,-13,-403
-855,-5671,16671,198,-29,-397
-1971,-8877,13236,191,-35,-403
-1050,-5965,14551,189,-30,-403
-646,-5378,15356,183,-39,-403
-1222,-5965,15090,191,-49,-398
-1750,-6740,15254,180,-41,-402
-2341,-6704,15507,178,-44,-405
-2383,-6238,15809,181,-39,-418
-1773,-6268,14997,180,-43,-409
-1531,-6963,14648,170,-44,-403
-1507,-6602,14849,160,-42,-410
-1478,-6760,14919,160,-47,-410
-1452,-6953,14024,160,-47,-403
-1272,-6488,13942,144,-59,-413
-2028,-8052,13795,146,-58,-412
16,-2236,16623,138,-67,-399
498,-1010,17481,133,-75,-392
-685,-4251,15884,113,-76,-401
-772,-4856,15861,114,-79,-404
-100,-3686,16562,114,-70,-399
-850,-3975,16118,103,-76,-408
-417,-3660,16311,106,-67,-409
-882,-3987,16618,100,-69,-405
-939,-4639,16518,99,-79,-402
-153,-4370,16040,93,-84,-402
74,-3508,15535,95,-78,-405
199,-3323,15873,87,-85,-403
-308,-3442,16280,79,-85,-398
383,-2574,16253,86,-89,-402
468,-3038,16018,75,-94,-399
177,-3787,16860,76,-93,-386
368,-2556,16221,62,-89,-390
47,-2521,16398,56,-93,-391
-248,-2363,16239,40,-90,-388
712,-1583,16765,44,-92,-387
1344,-1684,16033,30,-93,-388
1726,-2177,15714,28,-92,-375
1656,-2468,15628,15,-96,-375
1867,-1680,15759,5,-96,-372
2262,-1120,15983,9,-100,-366
1404,-1132,16427,3,-88,-361
1606,-825,16280,-19,-95,-354
2494,-898,16036,-7,-96,-355
2506,-738,16339,-18,-94,-355
2852,-523,15940,-24,-93,-349
3409,140,15502,-31,-94,-353
3345,302,15527,-36,-104,-345
3772,279,15493,-41,-99,-336
3778,505,15940,-46,-111,-340
3296,1222,16293,-49,-104,-340
2756,1457,16674,-37,-100,-329
3282,1462,16290,-60,-96,-331
4739,1011,15688,-54,-106,-326
5552,1018,15117,-63,-95,-322
4578,1774,15981,-78,-94,-314
4253,2017,16093,-67,-92,-314
5447,1876,15522,-82,-88,-298
6213,1094,14931,-82,-100,-305
6967,759,14473,-88,-92,-314
6583,1287,14769,-90,-85,-295
6116,1581,15553,-105,-93,-302
6099,2192,14773,-104,-92,-287
6776,1787,14558,-106,-87,-291
7518,1472,14062,-103,-85,-283
7035,1725,14381,-108,-78,-285
6839,2150,14880,-117,-84,-282
6755,2512,14656,-122,-72,-282
7193,2160,14500,-121,-69,-278
7919,1823,13985,-127,-84,-279
8246,1670,13757,-121,-69,-271
8367,1648,13651,-118,-81,-271
7867,1806,14186,-123,-69,-263
8164,1883,14198,-122,-79,-269
7641,2339,14192,-123,-71,-263
7774,2322,14278,-121,-78,-261
9038,2345,14023,-131,-73,-261
9165,2725,13899,-125,-72,-269
8144,2579,14775,-121,-73,-268
7792,3483,14445,-122,-82,-262
7904,3922,14272,-121,-78,-261
8060,3518,14156,-118,-83,-263
8399,3409,13773,-116,-81,-271
8846,3349,13630,-121,-85,-268
7761,3637,13565,-113,-85,-273
6332,4036,14580,-110,-81,-275
5318,5016,14489,-106,-89,-267
4520,5112,14851,-100,-100,-288
4681,5261,14576,-100,-100,-293
4386,5322,14281,-90,-110,-295
4772,5569,14672,-87,-102,-293
4978,5445,14158,-86,-111,-301
4682,5063,14236,-73,-104,-314
3771,5246,14106,-69,-117,-300
2739,5956,13839,-63,-115,-307
2503,5938,13722,-54,-123,-314
2048,5610,14413,-54,-135,-316
374,6678,14925,-49,-135,-316
-821,7336,15085,-46,-133,-318
-1470,7940,14519,-28,-138,-323
-1249,8311,14251,-20,-140,-318
-1060,7945,14179,-13,-140,-328
-951,7897,13504,-7,-145,-321
-1269,8043,14483,-10,-142,-326
-2380,8426,14639,-3,-151,-325
-2867,9085,15026,6,-151,-339
-456,8948,14883,3,-161,-329
-3322,9127,14570,9,-158,-310
-3956,9461,15053,11,-158,-334
-3319,9121,15210,11,-165,-325
-3090,8918,15354,24,-151,-329
-2977,9141,15553,16,-158,-329
-3374,8928,15191,16,-156,-339
-3687,8909,15182,22,-161,-337
-4014,7737,15290,27,-156,-337
-3642,6789,15160,32,-141,-342
-3027,5922,15040,32,-141,-354
-2396,5245,15884,31,-125,-365
-1938,3866,15282,11,-122,-366
-2149,2676,15347,19,-115,-366
-2211,2422,15683,26,-116,-365
-2192,1762,15510,24,-98,-374
-1523,1364,15648,19,-100,-374
-2139,354,15693,23,-92,-382
-1672,205,15821,28,-77,-372
-1382,-139,15635,15,-84,-377
-1299,-859,15581,19,-81,-383
-1731,-1119,16076,18,-67,-385
-1452,-1347,16241,10,-58,-390
-1075,-2102,16105,16,-49,-383
-395,-2916,15781,-2,-46,-385
276,-3285,15315,13,-36,-387
431,-4026,15502,1,-32,-379
1462,-4095,15440,-2,-26,-392
1507,-4575,15699,-6,-23,-383
1174,-5051,15600,-5,-14,-382
1775,-5223,15664,-10,-12,-377
2254,-6114,15317,-15,-4,-380
2629,-6361,14784,-23,-2,-380
2944,-6630,14768,-24,3,-361
3076,-7344,14205,-27,1,-376
2837,-6949,14254,-40,8,-364
2648,-5033,16111,-32,13,-369
2584,-7998,14064,-35,6,-371
3382,-7909,13382,-35,8,-361
3118,-7232,14400,-30,18,-371
2943,-7745,14925,-37,13,-366
2775,-7907,15223,-37,15,-376
3724,-9010,15188,-31,9,-365
3140,-6939,15141,-35,6,-371
2423,-6656,15065,-31,7,-375
2499,-4339,13517,-24,1,-369
4319,-5770,13679,-32,-15,-371
5228,-3901,13933,-33,-19,-363
4278,-4514,14750,-41,-14,-377
3652,-7967,15369,-22,-18,-366
3948,-7978,15275,-35,-18,-374
3393,-8845,15382,-28,-26,-377
3027,-6869,15490,-28,-33,-370
3368,-3625,15635,-31,-33,-375
4088,-1695,13531,-35,-42,-359
4651,-5098,14663,-24,-35,-371
4176,-7975,16874,-24,-30,-374
4906,-7471,16594,-26,-31,-360
4291,-4168,15239,-27,-32,-366
4171,-2705,14977,-32,-37,-366
3712,-5183,16175,-28,-41,-372
4421,-6272,15917,-23,-31,-372
4952,-7181,14805,-26,-31,-375
6019,-6714,13506,-31,-24,-372
6100,-6195,13323,-28,-16,-365
5382,-5105,13615,-33,-19,-367
5550,-8469,12693,-27,-20,-369
3944,-5580,14680,-31,-14,-375
4768,-5670,13347,-22,-8,-383
5704,-9356,12761,-24,10,-369
5544,-8108,12553,-28,12,-385
4321,-7152,12865,-33,16,-370
5346,-7061,13594,-33,21,-370
5291,-8952,12331,-37,35,-374
6047,-11147,11454,-41,46,-360
6067,-10450,11003,-44,55,-367
4903,-9044,11199,-44,62,-363
3546,-11236,11293,-46,77,-355
5245,-14649,11320,-46,84,-360
5398,-13344,9819,-48,93,-337
5158,-10904,9154,-43,100,-339
4501,-10896,8742,-40,107,-344
4310,-12539,8644,-40,110,-332
4514,-14757,7857,-43,134,-329
4325,-15417,7347,-58,136,-322
3775,-15017,7052,-56,141,-322
3821,-13158,6798,-45,151,-312
3247,-12634,6680,-50,151,-312
3233,-13925,6982,-53,156,-310
2640,-15340,6682,-44,164,-309
2723,-15620,6283,-48,173,-307
2815,-15149,5375,-41,169,-294
3284,-14494,5064,-44,179,-282
2762,-14774,4708,-45,180,-283
3299,-15310,4154,-44,179,-284
3496,-15520,3726,-48,194,-275
2726,-15558,3614,-40,190,-258
2153,-15477,3238,-46,203,-255
3037,-15384,2473,-49,201,-245
2778,-15768,1835,-44,213,-240
875,-17780,1882,-39,210,-230
1886,-18089,2390,-40,224,-229
1199,-17790,2271,-35,219,-219
1041,-16531,2278,-43,228,-222
652,-16232,2251,-36,225,-213
746,-15904,1695,-36,225,-210
936,-16635,1441,-24,226,-209
929,-17552,1218,-24,236,-209
233,-17970,1381,-14,238,-209
-1431,-16844,2257,-27,238,-202
749,-16509,1815,-26,244,-201
1477,-17710,1124,-18,244,-198
1275,-19430,1016,-19,243,-197
855,-19597,1196,-7,244,-203
-126,-16910,1829,-18,242,-210
-194,-15089,3463,-15,239,-215
220,-14392,4463,-13,237,-215
2503,-17256,-11,-11,238,-224
136,-15679,2852,-18,242,-228
-411,-15247,3538,-3,228,-236
-370,-15751,2931,-13,234,-235
-423,-16190,2747,0,239,-247
751,-15830,2122,-2,242,-252
973,-15088,1881,-2,237,-255
811,-14791,1380,7,225,-255
642,-15391,2274,-1,231,-253
322,-16716,2933,2,232,-257
-304,-16462,2895,3,231,-256
-500,-16220,2446,24,231,-266
-553,-15738,2005,13,222,-267
3,-16054,2245,13,232,-269
479,-15909,2293,18,220,-260
63,-15884,1974,13,222,-269
34,-16224,1956,10,237,-262
347,-17181,2151,14,221,-262
411,-16552,1626,20,222,-262
829,-15675,863,10,227,-264
1788,-15914,163,10,220,-262
2030,-17801,154,11,228,-263
1666,-18415,195,11,231,-256
-94,-19151,2331,31,239,-260
223,-16500,1152,23,239,-257
1010,-16674,252,19,233,-248
717,-16937,689,23,227,-257
1143,-17182,1007,27,231,-253
1102,-17794,835,33,230,-262
871,-17384,484,26,237,-252
448,-15844,724,23,244,-255
1932,-16015,-23,28,239,-255
1333,-15077,-562,30,240,-256
702,-16438,-263,36,247,-250
231,-17047,-293,31,249,-247
138,-17403,-214,28,242,-233
501,-17138,-752,35,240,-231
1627,-16371,-1395,24,240,-234
2449,-16134,-1812,26,232,-230
2416,-16188,-1783,23,239,-223
1799,-15295,-1598,14,257,-234
774,-15641,-300,20,239,-225
1574,-16483,-393,9,248,-229
2863,-15479,-1390,28,242,-230
2242,-16107,-1347,24,245,-229
3214,-17031,-1939,6,238,-239
3506,-16797,-1105,6,238,-239
3703,-17318,-549,6,231,-248
3473,-17236,-1119,7,232,-250
3500,-16358,-856,10,220,-257
4587,-14985,-1160,5,227,-264
4260,-15328,-589,16,226,-266
4206,-15582,-464,7,215,-269
4199,-16383,699,23,220,-272
4509,-15850,685,16,221,-275
4968,-15762,-243,20,217,-269
5992,-16174,48,16,224,-273
8108,-15140,-1795,36,225,-277
7081,-17341,-569,32,211,-293
4394,-15280,1103,36,225,-279
3863,-15196,1467,46,217,-299
4764,-14819,1874,53,209,-290
5866,-15542,1499,58,219,-300
4822,-14548,1128,58,216,-298
4870,-15431,786,62,217,-306
6479,-16069,55,65,210,-299
4244,-16169,491,65,222,-296
3214,-15190,1004,69,221,-302
5049,-16326,848,71,214,-290
4699,-16604,1463,62,217,-296
5646,-16615,807,70,234,-289
6417,-17411,841,69,219,-290
5620,-16215,1451,74,219,-300
3959,-14069,2481,79,214,-293
5237,-16708,488,82,209,-290
7047,-17895,1776,67,225,-294
4000,-18089,2779,95,216,-298
3700,-15207,2406,97,214,-295
4668,-16680,2329,100,207,-300
3788,-16479,2619,106,213,-311
3691,-15782,2809,100,209,-307
2973,-15666,3088,123,204,-305
2693,-15172,3284,114,203,-314
5535,-13398,1105,106,208,-316
3252,-16901,3293,118,211,-317
2520,-15374,2866,120,203,-321
3250,-16742,3330,121,211,-327
2646,-15923,4208,126,202,-325
1201,-13760,4660,125,208,-321
3096,-17864,2361,135,205,-328
4228,-16679,2016,125,203,-318
5510,-15683,4468,129,199,-325
5375,-15459,5391,118,199,-322
4202,-17362,4102,114,196,-316
8426,-11719,7835,122,198,-318
8427,-13836,2524,116,197,-320
4716,-15740,1727,130,205,-318
5766,-14620,3196,139,224,-305
5966,-13114,4277,139,209,-307
5845,-14887,1112,150,233,-295
2571,-16646,-128,148,232,-294
4235,-16767,1959,161,237,-277
5912,-16324,1741,159,244,-269
3307,-15735,2679,176,236,-268
3424,-15019,1863,191,236,-268
3437,-17433,755,206,249,-255
3372,-18024,1281,199,243,-251
3382,-15827,490,221,251,-245
2281,-17069,815,220,250,-239
2569,-15548,659,223,238,-229
2962,-15803,1829,233,243,-229
4161,-19178,1668,240,244,-223
2514,-16531,2319,238,248,-212
2281,-16222,2330,247,249,-206
1910,-16420,1584,259,240,-212
1347,-14586,1052,272,240,-195
1976,-16763,2304,267,245,-182
2458,-16773,1878,277,250,-185
1936,-16299,2725,273,247,-161
2050,-15501,2542,277,250,-163
2464,-16888,1375,276,261,-157
2546,-16935,534,271,237,-142
2696,-18381,-572,276,244,-152
-1037,-17341,4282,288,245,-126
1667,-14842,921,284,247,-127
1906,-17135,1298,284,251,-122
815,-15977,1307,276,244,-107
586,-15020,1322,277,245,-109
1405,-15482,1314,280,257,-94
1276,-16052,1346,287,251,-88
724,-15478,1343,276,251,-83
1134,-16215,782,275,245,-77
825,-14937,1954,277,243,-57
1327,-15786,1158,260,251,-39
1218,-16480,-844,255,239,-31
1110,-16372,-2717,243,248,-13
615,-17843,-1638,1,248,-13
-524,-17845,-4106,233,236,1
274,-17930,-3325,240,232,22
-107,-17690,-2003,238,240,11
-1226,-17253,-2416,243,231,18
-733,-16603,-1740,246,236,23
-107,-15905,169,242,234,17
-130,-16020,810,243,238,15
-311,-16894,425,243,231,15
-220,-17163,-483,233,228,13
-592,-17266,-979,232,237,12
-1053,-16086,-1212,225,238,11
-1494,-15409,-1693,224,237,24
-1675,-14944,-2105,240,247,22
-1832,-15069,-2733,217,238,33
-1298,-17326,-3279,221,237,29
-675,-18096,-2854,216,232,19
-758,-16982,-1988,211,247,19
2238,-14731,9498,204,255,23
868,-16716,-469,199,250,20
-508,-16651,-292,187,247,12
854,-16935,562,183,243,23
865,-18893,-817,182,239,29
880,-17138,327,170,245,28
-245,-16345,432,172,249,31
-317,-15189,236,168,245,23
90,-13991,1211,161,251,26
608,-14042,1708,148,251,24
-468,-15559,573,139,248,28
-755,-19243,-1679,139,248,28
1812,-18579,1191,134,245,20
1052,-14982,923,129,248,25
1549,-16449,1445,123,257,15
1386,-16305,508,109,263,22
-1145,-19590,-240,114,259,12
-179,-18081,194,116,260,18
1164,-16846,674,103,257,20
1484,-16215,763,120,261,14
2503,-15304,1423,104,251,17
1793,-16679,2582,110,257,15
1164,-16880,446,104,251,12
1179,-17301,835,93,256,19
-113,-17434,41,87,250,20
-546,-16536,1161,96,256,12
-97,-15969,2316,87,255,6
722,-15638,2303,75,256,0
759,-15272,1748,75,259,4
1123,-15286,2360,71,253,3
-494,-15372,2593,76,260,1
-1000,-16055,1681,78,268,9
-1492,-17029,-34,67,249,9
219,-17181,871,66,257,11
355,-16191,791,67,247,9
-137,-16408,-92,63,253,15
-827,-16999,-1213,80,251,19
-944,-17539,-1918,66,257,28
100,-17291,-1452,60,256,19
-887,-16584,-1966,61,236,33
-1154,-16673,-2873,65,234,26
-1030,-16712,-2152,54,239,34
-1989,-18053,-1293,58,238,28
-2634,-18845,-2277,66,243,40
1202,-16773,-3450,53,233,35
371,-16654,-4637,49,237,34
-1005,-16695,-933,39,227,31
-1913,-13906,-844,32,233,25
1412,-16627,-3235,31,225,31
733,-17432,-2616,27,233,30
515,-17438,-2389,24,226,28
1888,-17460,-3636,27,221,35
2077,-16005,-3043,18,217,34
1695,-14406,-2847,-10,213,34
1210,-15535,-2602,-13,210,24
1201,-14898,-4534,-16,209,13
3009,-16644,-2519,-22,204,23
3340,-15520,-4520,-31,205,26
2818,-15042,-4267,-23,201,19
2567,-14475,-4899,-31,193,22
2631,-15378,-6428,-45,192,28
2413,-17084,-7541,-44,188,26
4257,-14385,-5910,-54,188,26
460,-15398,-7166,-52,184,17
993,-16281,-6621,-50,190,23
-447,-13314,-7300,-58,187,15
-249,-12339,-6499,-57,184,17
2758,-12699,-5430,-57,179,17
2391,-13629,-5682,-44,188,4
1482,-18620,-6597,-45,202,15
2401,-18308,-9033,-24,202,13
1849,-19114,-9804,-41,203,17
1876,-15688,-7717,-39,208,0
2094,-12400,-4616,-46,213,-2
1254,-12522,-3645,-48,204,-1
1947,-13869,-4603,-53,214,-23
3414,-16123,-5259,-48,214,-25
6444,-16804,-9071,-58,214,-20
4623,-19647,-10192,-49,210,-17
1665,-14072,-6114,-65,213,-41
387,-16223,-4640,-54,213,-41
1275,-15720,-5413,-63,209,-52
1158,-15715,-6929,-62,213,-56
2217,-15369,-7231,-61,211,-57
2879,-15893,-6444,-61,219,-60
3375,-16095,-5930,-54,208,-56
4166,-15326,-6150,-66,221,-62
5728,-15655,-6807,-58,224,-82
3411,-15416,-8171,-54,225,-76
2591,-14220,-8059,-52,230,-78
2103,-14420,-7148,-37,238,-84
1062,-13398,-6451,-33,242,-83
408,-14320,-6683,-26,244,-100
967,-14387,-6356,-31,247,-100
1121,-14302,-6113,-39,249,-100
1964,-15206,-6464,-27,245,-114
1916,-14800,-6805,-24,255,-114
3566,-14372,-7243,-22,245,-109
2881,-15026,-7492,-26,251,-122
1190,-15116,-7842,-23,251,-122
652,-14454,-7299,-18,247,-134
1642,-14109,-7198,-7,254,-144
2142,-14599,-7770,-5,251,-132
1905,-14357,-7814,-6,262,-143
2668,-14341,-6565,1,255,-143
3357,-15414,-6045,-6,257,-158
3174,-14913,-5098,5,263,-152
3089,-14663,-5126,2,263,-152
2122,-15376,-6692,22,265,-150
1563,-15385,-6439,18,259,-154
2462,-14768,-5504,20,280,-161
3510,-15120,-5290,33,276,-164
3790,-15149,-5903,40,272,-148
2903,-14348,-7088,52,285,-159
1672,-14152,-8801,46,278,-161
1017,-14129,-9402,67,283,-152
997,-14861,-8639,74,289,-153
1367,-14565,-7289,69,279,-148
1572,-15058,-6802,82,279,-155
2124,-15187,-5909,83,278,-157
2743,-15337,-5157,82,282,-168
1894,-15994,-5748,93,285,-157
889,-15914,-6385,95,289,-158
213,-16749,-7221,105,279,-155
314,-16528,-6734,109,288,-157
1940,-15782,-5816,117,290,-161
2966,-16052,-6323,122,283,-169
2324,-15447,-6819,121,282,-180
891,-15906,-5795,122,288,-179
-3115,-15960,-3712,129,279,-195
2339,-16184,-4091,130,283,-183
3487,-16734,-4069,133,283,-193
3435,-16615,-3793,126,289,-197
4652,-15348,-3335,138,271,-196
3640,-14708,-3176,143,283,-215
1976,-14943,-3221,148,271,-213
-47,-16058,-3599,159,271,-218
-487,-16328,-2562,155,265,-229
1057,-15945,-2678,161,263,-230
1362,-15022,-1053,174,266,-223
2781,-15203,-1351,163,272,-226
1911,-14837,-1445,174,266,-220
2497,-14799,-1498,176,272,-214
2664,-15145,-1136,169,268,-228
4357,-15908,397,172,268,-223
4709,-15114,-330,174,271,-213
4544,-16585,-840,169,266,-201
4083,-16953,-1725,168,270,-202
3558,-16665,-3396,174,278,-198
4119,-18308,-4786,181,272,-187
4468,-17645,-3658,182,271,-183
4334,-16201,-3113,187,280,-188
4249,-16310,-3642,191,270,-185
3925,-15845,-3529,203,278,-181
3590,-15920,-4386,198,271,-161
2721,-16201,-5171,210,270,-168
2045,-16342,-5901,215,270,-155
1429,-14745,-5663,224,261,-149
1570,-14606,-4408,236,270,-143
1657,-14719,-4362,249,262,-133
1464,-15674,-4877,237,268,-134
922,-14828,-6416,237,266,-112
483,-15205,-7536,262,257,-91
264,-16061,-7929,251,248,-99
1031,-15099,-6518,255,256,-83
1298,-14773,-5577,260,249,-80
1031,-14197,-6832,255,249,-78
1159,-15381,-7475,260,247,-76
1573,-15997,-7535,259,240,-55
2255,-14631,-6313,258,247,-44
2175,-14214,-6661,254,243,-52
1807,-14874,-7596,257,238,-50
2235,-14585,-7600,263,232,-31
2472,-14704,-7983,268,234,-31
2317,-14666,-8838,258,237,-22
2506,-14931,-9650,259,238,-11
2612,-14914,-9458,251,224,-11
3063,-14372,-8065,250,225,-2
2677,-15160,-7771,258,222,7
2621,-13598,-8774,259,216,-1
2648,-13933,-9512,255,217,7
3025,-13699,-9395,247,210,9
3275,-14275,-9466,257,224,20
3691,-14396,-8494,243,221,25
4081,-14540,-7424,250,215,14
3564,-14365,-7341,242,217,26
3628,-13017,-7938,241,221,25
3661,-12915,-7950,232,215,44
3606,-13410,-8010,232,213,29
3799,-13138,-7997,225,209,42
4077,-13218,-7508,220,214,38
3170,-14836,-7117,224,220,53
4757,-15155,-3630,220,207,57
4689,-12188,-7175,210,216,52
3919,-12226,-9538,191,221,57
5576,-13990,-5411,198,208,51
5600,-14076,-5063,174,203,66
5644,-13856,-5802,168,207,65
6188,-14225,-6316,155,211,60
7181,-14262,-5966,148,208,68
7115,-14061,-5105,152,211,62
7320,-14762,-4537,126,209,57
7750,-15257,-4170,122,210,66
9288,-14825,-4149,116,216,55
9845,-14548,-3209,108,224,52
9577,-14665,-3049,97,224,38
9391,-15476,-2399,80,230,29
9948,-14385,-2089,86,242,29
9018,-12884,-1174,69,236,25
9296,-13437,-299,67,237,17
9320,-12876,956,56,238,-3
9181,-13324,1574,53,245,-1
9548,-13594,2016,33,247,-14
9422,-13906,2632,23,254,-9
9039,-13786,3951,26,242,-34
8675,-13122,4911,7,244,-39
9199,-12636,4777,10,251,-53
8824,-12476,5762,0,261,-71
8645,-12054,6722,-1,255,-82
8514,-11928,7950,-16,248,-89
8753,-12112,8302,-9,250,-99
8554,-12657,8188,-14,250,-114
8369,-12038,8959,-26,247,-115
8021,-11622,10004,-33,244,-127
7858,-10973,10538,-31,247,-142
7173,-9508,10443,-26,247,-149
6924,-11144,10360,-10,251,-166
6234,-10571,11067,-14,250,-160
5820,-8873,11490,-19,240,-180
3491,-9938,10478,-19,240,-180
3247,-10381,11108,-6,250,-187
4118,-9149,13054,-6,245,-192
2866,-11278,13613,-3,248,-185
-697,-15912,10136,3,255,-180
-543,-10503,5392,1,255,-172
771,-13623,3871,-19,253,-163
826,-16141,5686,-24,238,-153
1330,-19165,5244,-32,240,-150
3159,-16667,6912,-43,240,-145
4294,-14956,7583,-43,238,-145
4889,-13954,7576,-48,214,-143
3120,-14614,5776,-41,227,-134
1316,-17126,2666,-56,224,-133
1539,-19474,1466,-53,226,-118
2338,-18502,2914,-45,226,-111
2459,-16360,3917,-56,233,-104
2414,-13493,3298,-35,233,-114
1717,-14275,3179,-44,237,-112
1556,-14540,3039,-31,237,-110
2063,-15159,2483,-39,234,-95
2132,-16657,846,-35,236,-84
1904,-17198,-185,-22,228,-82
1251,-16095,-257,-31,230,-61
1602,-16130,-458,-44,232,-56
1574,-17169,-1841,-36,230,-49
1395,-17210,-2397,-50,219,-50
1209,-16443,-3037,-46,222,-26
1038,-16730,-3621,-30,220,-19
1199,-16054,-3580,-39,217,-26
1278,-16241,-4615,-36,215,-17
1177,-16246,-4758,-45,197,-8
1439,-15728,-5271,-41,196,-2
1562,-15280,-6164,-35,187,11
1492,-15190,-6908,-44,184,26
1192,-14943,-8163,-44,171,31
860,-14476,-8925,-46,167,31
716,-13886,-9153,-36,169,36
1198,-12369,-9326,-45,165,45
1625,-11823,-10154,-41,142,58
1712,-13205,-11216,-31,145,68
1265,-13630,-11540,-31,135,83
327,-12260,-11081,-31,113,80
293,-9301,-12015,-22,102,91
1169,-10231,-12092,-30,93,91
1648,-12450,-11902,-32,90,99
888,-11859,-13207,-22,69,111
-282,-8875,-14777,-26,65,103
-1008,-5004,-16226,-18,60,105
467,-7142,-16145,-19,42,116
1254,-8723,-15246,-6,37,123
992,-8486,-15357,-6,23,128
583,-8219,-15495,-7,9,134
-233,-7297,-15594,9,13,128
-1402,-5933,-16491,1,3,141
-1856,-4340,-15405,9,10,131
-1271,-6266,-12670,20,12,142
-1352,-8773,-14591,26,4,132
-1692,-8697,-17309,32,-3,148
-2324,-6449,-16626,49,0,134
-2627,-5228,-14576,45,6,138
-3342,-3787,-15069,41,12,147
-2968,-5664,-16060,52,16,152
-2866,-7746,-14733,58,35,148
-4015,-5684,-12913,70,33,147
-5128,-7624,-14070,71,39,145
-4891,-9262,-14794,90,35,160
-4866,-9490,-14077,91,36,159
-5782,-9212,-13667,126,42,155
-6097,-9405,-13461,142,42,160
-5971,-9312,-12382,147,56,160
-6317,-8049,-12631,157,59,148
-6875,-9037,-12308,170,71,158
-9092,-9294,-11913,176,66,158
-10052,-8268,-12047,186,66,145
-9686,-9629,-11824,195,67,149
-9236,-8688,-10610,200,67,149
-8528,-9187,-10021,207,54,148
-8735,-9063,-10990,210,52,141
-10210,-7636,-11185,225,49,145
-9946,-8412,-10215,228,47,145
-8631,-8660,-10259,225,52,143
-9353,-6634,-10837,229,41,147
-9189,-7688,-11216,237,29,144
-9103,-8299,-10832,238,18,150
-9284,-7315,-11122,241,-1,143
-8036,-6195,-11346,246,1,148
-7214,-6052,-12267,236,6,143
-7177,-6563,-12908,250,-4,137
-8229,-6710,-11355,253,-16,147
-9279,-7344,-11066,255,-26,137
-9825,-6128,-11659,258,-24,144
-9442,-6683,-12191,255,-26,134
-8403,-7879,-13922,255,-36,127
-6708,-10214,-12557,259,-23,131
-9461,-7363,-12613,259,-37,131
-9246,-5829,-13040,258,-33,139
-7723,-5806,-14764,253,-33,142
-7118,-5615,-16775,249,-44,123
-5776,-7642,-14701,275,-44,131
-5973,-7511,-12307,271,-58,127
-7461,-5413,-13578,272,-61,118
-8073,-4884,-15030,267,-61,116
-8326,-4602,-14724,280,-64,123
-8471,-4682,-13926,270,-66,104
-6909,-5104,-14951,277,-66,106
-9096,-4998,-13868,280,-66,121
-7034,-5651,-14310,281,-67,115
-6563,-4308,-14893,288,-76,114
-6991,-4426,-14485,287,-67,100
-6490,-3508,-13989,288,-66,104
-5783,-4869,-13486,306,-83,101
-7928,-3688,-14849,322,-76,96
-7371,-2528,-14447,320,-82,80
-6804,-1271,-13130,320,-82,71
-8186,-2054,-13297,330,-85,67
-9443,-1023,-13957,344,-89,61
-8162,-1366,-14776,350,-93,57
-8702,-1529,-14272,356,-88,50
-9755,-313,-13063,352,-84,46
-8490,-268,-12856,364,-83,47
-6584,-324,-14447,369,-83,42
-7536,-449,-15378,366,-88,33
-8596,400,-15105,366,-85,25
-8630,1972,-14400,370,-79,24
-8546,1615,-14157,379,-76,23
-7843,365,-14437,383,-82,19
-8066,446,-14301,383,-79,14
-8421,1594,-13440,384,-73,3
-8844,2508,-13445,388,-62,-2
-10115,2410,-12477,384,-69,-8
-9910,3116,-12727,403,-71,-28
-9989,3494,-13804,413,-61,-23
-8787,6335,-14108,407,-55,-24
-9385,4325,-13890,418,-56,-23
-10233,2617,-12054,420,-41,-39
-11849,2242,-11568,424,-42,-40
-11396,2207,-10751,421,-37,-45
-11844,2752,-9911,429,-30,-50
-11153,2786,-10478,431,-23,-47
-11059,3514,-12539,433,-12,-58
-12233,3257,-11765,429,-15,-52
-13764,1664,-10385,430,-7,-63
-12203,1268,-10360,427,-9,-56
-12043,3726,-10346,427,0,-53
-12051,1774,-10804,435,12,-68
-11677,2858,-10550,416,1,-62
-13692,3889,-11139,430,2,-66
-13779,3912,-9948,433,14,-63
-13159,4330,-9218,417,19,-63
-12330,4098,-9565,440,16,-73
-12531,3123,-10134,438,31,-71
-12469,1651,-10210,426,37,-79
-12973,3602,-10209,434,44,-77
-12754,5019,-9924,434,42,-67
-13734,3533,-8974,431,39,-72
-13649,5941,-10865,437,42,-74
-13474,1791,-8742,434,32,-65
-12020,2567,-10036,420,33,-66
-12806,2804,-9255,433,38,-58
-13128,3306,-7314,429,35,-62
-13190,4303,-7119,439,42,-65
-13114,4108,-7389,438,38,-66
-13549,4358,-8191,420,46,-73
-14122,5139,-7519,437,47,-55
-14979,5741,-6604,429,59,-77
-15463,5186,-5609,434,59,-69
-14817,5845,-5194,427,55,-85
-14618,5096,-5150,427,65,-80
-15071,5218,-5155,417,77,-83
-15321,3765,-4307,422,79,-76
-14842,2934,-2577,424,83,-60
-14892,1065,-2611,410,88,-60
-15289,1779,-3286,420,84,-71
-15686,3355,-5649,413,100,-50
-16277,2640,-5507,407,104,-61
-16531,666,-4630,410,112,-47
-16290,-312,-3712,400,110,-42
-15776,292,-2577,408,119,-47
-15422,1865,-3002,387,131,-45
-16443,1325,-4012,391,133,-31
-16303,1858,-3608,384,146,-33
-15735,971,-3376,375,133,-39
-16139,-265,-4002,378,140,-22
-15956,-1274,-4489,379,141,-23
-15726,-1259,-5812,370,157,4
-16198,-604,-5331,364,148,1
-15615,-815,-4970,357,150,22
-15146,-725,-4207,341,145,22
-15800,-2735,-5978,336,135,41
-16077,-2071,-5098,326,147,36
-15436,-2567,-6759,328,138,56
-15362,-1873,-7633,319,127,72
-14637,-2357,-6742,324,122,60
-14225,-2431,-5979,317,122,69
-14649,-2899,-7912,323,111,78
-15865,-1955,-7645,311,98,94
-16636,-2230,-7633,311,95,84
-15967,-1562,-6530,307,96,90
-15574,-841,-5984,306,95,89
-15428,-316,-5941,314,88,82
-15342,-979,-6462,315,89,90
-16051,-1205,-6790,314,88,87
-16029,-922,-6553,319,78,94
-15822,-435,-6195,307,84,98
-15107,26,-6533,317,64,91
-14903,782,-5950,319,69,96
-15461,773,-5804,311,71,94
-15359,53,-6479,313,60,107
-14124,80,-6239,319,49,104
-14783,423,-6268,311,59,104
-15438,1220,-5205,314,61,109
-15166,1236,-4957,310,62,98
-15429,1791,-6764,318,58,98
-16351,-1195,-6892,307,60,88
-17849,-1427,-6799,302,60,105
-16033,-596,-6600,315,72,103
-15005,991,-6915,309,54,104
-14485,2080,-7649,302,48,105
-14047,3652,-7874,305,41,107
-15165,2293,-7728,310,48,110
-15179,2833,-8176,302,26,115
-13732,2854,-9348,284,24,117
-13674,3981,-9761,283,13,118
-12809,4140,-8307,283,15,123
-13566,2014,-6940,284,16,127
-12648,3066,-8193,283,3,121
-11918,3795,-9634,270,1,131
-13579,3050,-9556,259,8,133
-12624,2689,-9494,257,-10,138
-12095,3810,-9605,246,-6,131
-11359,4508,-9571,245,-16,139
-11787,4047,-9296,224,-16,137
-11531,3471,-9217,223,-20,145
-10545,3965,-9974,215,-25,158
-10140,4737,-10835,203,-36,152
-10077,5021,-11353,195,-33,149
-9708,4904,-11874,185,-43,147
-10230,4978,-12169,181,-39,153
-9367,5731,-12394,159,-31,152
-9190,5165,-12139,163,-37,160
-9247,5005,-12517,143,-38,161
-8810,5174,-13455,139,-39,153
-6913,7151,-13364,136,-47,150
-7167,5119,-14593,118,-47,145
-6507,5927,-14014,110,-42,153
-7731,6401,-17667,109,-36,147
-8592,3036,-15989,88,-29,147
-6620,5262,-14395,90,-35,143
-5615,8764,-14817,90,-37,153
-4952,8159,-14048,79,-35,138
-5786,7095,-13581,82,-37,141
-5870,6725,-13291,82,-35,143
-5473,5818,-14117,82,-37,150
-5871,5917,-14277,69,-32,138
-5462,6078,-14440,79,-35,148
-5514,6480,-14203,70,-31,147
-5209,5637,-14072,67,-29,134
-2793,4961,-14047,60,-21,137
-3076,5513,-14267,58,-18,138
-3827,4345,-14234,57,-4,142
-5204,3807,-14788,62,-2,142
-4077,3295,-15470,58,1,133
-3125,2390,-16303,45,6,143
-4531,3195,-15572,48,37,136
-6385,1362,-15235,45,25,143
-5559,1346,-13249,37,32,133
-2553,-1553,-14603,54,38,127
-1359,-2206,-17012,54,60,130
-5412,106,-16822,49,67,130
-6810,-1623,-16416,52,70,117
-8001,-3940,-15875,35,81,118
-4759,-4045,-16901,44,79,115
-3885,-1392,-16741,62,94,120
-5563,-2912,-16417,63,107,126
-6970,-5116,-14619,69,102,126
-7680,-7167,-13621,54,106,122
-6702,-7941,-15889,82,119,106
-6408,-5264,-16154,75,135,100
-6518,-4875,-14441,91,140,110
-6773,-5131,-13034,88,152,100
-8210,-7029,-11302,104,162,98
-8267,-7845,-12297,103,165,87
-10136,-10164,-12992,116,178,87
-9666,-10101,-13176,118,182,79
-9142,-8562,-14002,133,191,73
-8541,-6211,-13068,140,203,66
-9456,-6957,-9587,147,209,47
-11349,-9160,-6492,168,214,55
-11885,-12455,-6826,178,226,40
-11612,-9172,-9342,178,219,30
-11149,-8453,-8366,194,236,25
-11773,-7543,-6716,212,231,23
-13282,-7699,-6892,230,233,-3
-15038,-9784,-8344,242,232,-12
-13243,-8897,-7610,250,237,-22
-12261,-7753,-6517,258,237,-34
-13579,-8455,-3804,273,244,-46
-13912,-9056,-2884,285,243,-65
-14394,-6352,-1896,285,245,-69
-15310,-2615,-796,307,234,-100
-14174,-6691,-1223,307,227,-110
-14716,-4336,-1896,320,225,-132
-14114,-5387,-1070,326,217,-149
-15793,-11203,-2633,331,213,-157
-16262,-3633,459,340,202,-170
-17202,-2091,323,348,190,-182
-15443,-2878,908,354,174,-198
-15581,-2216,696,364,148,-214
-15008,-1687,-143,361,146,-226
-15056,645,879,374,134,-226
-17740,209,2277,382,112,-244
-17396,138,1753,387,107,-244
-15643,470,389,380,99,-242
-16589,1117,-1575,382,76,-256
-15970,1863,615,390,69,-253
-15792,3595,570,388,33,-247
-15738,3378,712,386,33,-264
-15218,4258,2522,391,9,-255
-16124,3583,-1206,391,0,-250
-15531,5661,-1980,401,-9,-242
-13543,6754,-989,394,-33,-245
-13372,6103,-1061,396,-43,-250
-13111,6764,-2862,408,-54,-229
-16109,6768,-4038,399,-58,-233
-17050,6387,-4841,405,-76,-219
-16914,5363,-3964,403,-73,-207
-15029,5782,-3480,405,-83,-197
-13477,4788,-4652,405,-95,-197
-12279,4051,-6180,388,-94,-191
-11424,5055,-7739,397,-93,-175
-13478,8032,-5849,386,-108,-161
-13139,4861,-7489,400,-100,-145
-13911,-191,-10674,388,-99,-137
-15322,-372,-11760,413,-85,-118
-13380,2437,-11605,412,-89,-100
-11437,4847,-10195,416,-69,-84
-12801,4715,-10779,418,-64,-72
-11893,914,-13045,418,-69,-74
-10689,459,-13147,412,-72,-58
-10700,197,-13418,407,-79,-51
-10837,-622,-13175,390,-85,-33
-8101,-1183,-13426,392,-90,-38
-8647,-2087,-13269,391,-82,-7
-9452,-3728,-13565,382,-78,8
-7962,-3781,-14692,375,-67,17
-8195,-4950,-14868,375,-60,26
-8151,-5061,-15883,366,-54,25
-5969,-4044,-17687,353,-35,52
-5579,-3673,-16883,358,-44,50
-5213,-5510,-16485,339,0,71
-7872,-5055,-17038,332,13,84
-7075,-5500,-17223,327,30,94
-3516,-7547,-16138,314,35,91
-3505,-8941,-14959,322,44,84
-4232,-10461,-13936,319,61,89
-2859,-10532,-14086,320,65,95
-3618,-10723,-12646,317,81,91
-3276,-11571,-12156,302,92,90
-2293,-12805,-9817,303,110,82
-2367,-12975,-9006,303,115,89
-2476,-13293,-9510,289,135,85
-423,-18831,-6308,288,148,72
-1857,-17077,-6178,281,157,63
-2227,-13490,-7498,281,174,46
397,-14226,-4152,272,194,30
330,-15046,-2035,273,222,17
-425,-16134,-2090,280,204,18
-1132,-15430,-1543,268,220,0
-1300,-15889,-1812,275,226,-11
-1290,-14942,-1170,266,237,-19
417,-15587,383,267,233,-35
1739,-16606,689,258,239,-46
719,-15220,667,258,249,-63
1150,-18797,3446,253,254,-68
696,-17704,5487,257,260,-109
916,-15080,6138,254,267,-121
660,-14115,6931,260,256,-159
-100,-13815,8983,249,260,-182
-511,-12405,10008,255,249,-208
94,-12377,10685,251,248,-212
1927,-10915,11211,257,238,-246
2102,-11095,11321,250,232,-247
1945,-9996,13299,260,217,-272
341,-8469,13799,250,208,-282
898,-7466,13666,246,197,-295
1773,-6923,13062,245,179,-323
3109,-3961,15860,237,174,-323
1946,-3529,14644,247,155,-350
1230,-3222,16114,233,141,-354
918,-3633,16807,237,133,-348
1221,-3787,16654,242,123,-367
3042,-3894,16790,240,101,-372
3224,-3461,16616,237,96,-375
3659,-2380,16779,241,93,-381
2802,-163,17091,243,78,-386
1690,378,16643,264,59,-376
1085,-617,17639,266,43,-385
871,-1635,17662,262,39,-369
2235,-669,17295,275,20,-369
2291,1612,15106,275,8,-366
791,4174,13365,279,-12,-377
-531,3871,15017,292,-19,-370
60,4956,16664,292,-24,-363
404,4095,15658,300,-46,-363
1018,3235,15295,293,-59,-349
-757,4518,14733,301,-59,-349
-2392,7886,13738,303,-76,-337
863,8083,13908,322,-90,-327
-1451,8630,14462,317,-95,-327
1198,6098,14610,309,-110,-329
1982,6098,13836,320,-118,-304
1100,7066,13330,315,-118,-301
-2018,9013,12994,330,-139,-278
-3427,11312,12417,334,-147,-269
-3177,9777,12631,348,-163,-253
-1960,8040,12123,339,-162,-223
-1712,10433,10089,341,-179,-193
-2876,11395,8239,335,-187,-180
-4967,12562,7885,345,-199,-160
-7072,13140,7168,345,-197,-138
-7207,13681,6448,352,-191,-122
-6431,12343,5644,336,-193,-95
-7125,11818,5091,339,-198,-80
-9259,11671,4639,331,-188,-51
-9372,14135,2608,331,-186,-36
-9477,13577,1856,324,-190,-20
-9437,10341,1331,319,-185,-11
-11010,10694,1918,323,-181,-4
-10767,12477,1774,310,-169,12
-10782,12259,-29,318,-162,36
-12943,13034,-2013,319,-156,42
-10530,13986,-5255,317,-151,40
-8052,14702,-5642,318,-138,58
-10983,9824,-3273,310,-138,68
-12220,8765,-4957,306,-131,74
-12071,9419,-5189,267,-127,87
-10458,10842,-6787,268,-125,93
-10319,9882,-6667,255,-130,110
-10858,8981,-7753,240,-113,110
-10783,9226,-9136,212,-115,123
-9748,8877,-10288,199,-102,126
-9657,8885,-11086,185,-96,125
-9600,6920,-11889,167,-96,137
-9519,8116,-13369,131,-78,133
-9770,8163,-13950,122,-75,137
-8946,5773,-15117,117,-79,139
-8287,4378,-15815,90,-69,128
-8391,5556,-14614,92,-59,133
-6539,7762,-13869,82,-42,141
-6388,5522,-15069,62,-53,137
-7152,2514,-20675,50,-47,133
-4377,1853,-16680,49,-33,130
-4377,1069,-17640,30,-35,126
-3492,295,-17303,23,-29,120
-2158,517,-16809,20,-29,117
-1056,-168,-16078,0,-31,117
478,473,-15357,-3,-27,114
433,-554,-16586,-13,-16,95
406,-596,-15597,-31,-12,98
3438,-3127,-15144,-22,-3,94
33,-3920,-16876,-27,-10,96
2174,-5061,-17740,-37,-10,94
3007,-5297,-15494,-50,-1,79
4334,-4111,-14261,-56,-1,84
5780,-4203,-15886,-74,-10,65
6598,-4498,-14127,-63,3,62
7581,-5733,-13729,-69,-1,57
8054,-8350,-10806,-84,8,65
5655,-5534,-14542,-82,18,50
3487,-6229,-12640,-93,29,56
5774,-12665,-14815,-92,20,47
6969,-15697,-14243,-92,32,47
7985,-12432,-11390,-93,41,46
10374,-8691,-8623,-100,61,45
8543,-11231,-8430,-87,73,40
8885,-12775,-8704,-95,81,35
9800,-14126,-7671,-101,92,14
10008,-14121,-6331,-100,102,11
9549,-14759,-5368,-112,118,-14
8994,-13352,-4155,-113,117,-11
7980,-12725,-3433,-126,129,-35
8029,-13716,-3226,-120,123,-41
8924,-13987,-2185,-116,148,-77
8047,-12467,1971,-125,140,-95
7007,-12977,3464,-133,145,-130
7140,-12076,4441,-121,141,-158
7854,-10565,5883,-114,140,-171
6794,-10770,7708,-130,130,-191
6859,-9961,10927,-121,131,-204
7862,-8698,10929,-116,117,-231
5925,-6817,11534,-118,93,-251
5322,-6759,13727,-113,81,-273
5228,-5837,13966,-101,60,-299
5092,-3677,14796,-90,37,-315
4134,-3473,15145,-73,24,-326
2503,-3576,15140,-65,16,-333
1709,-2930,15202,-40,-3,-356
-445,140,15222,-39,-19,-353
-2880,4127,15292,-13,-19,-377
-2275,5933,15672,-2,-41,-372
-3579,3434,16073,13,-53,-382
-3794,2085,16511,37,-66,-383
-4021,1871,15649,40,-78,-386
-5817,2538,13222,62,-87,-387
-6108,-398,18103,78,-96,-375
-7157,6744,14949,87,-107,-376
-6944,4698,11917,108,-100,-376
-6998,5235,11655,135,-113,-377
-8688,5941,10506,150,-124,-366
-11084,9049,7474,170,-141,-364
-12107,9231,8630,169,-142,-355
-13246,9218,9125,187,-133,-345
-12647,9123,8119,213,-152,-348
-12199,9353,9259,208,-152,-345
-13312,8271,5353,224,-155,-336
-14819,6248,3658,228,-146,-325
-14586,5873,6286,240,-159,-321
-14811,5103,7787,249,-156,-312
-13261,6493,4278,257,-168,-310
-15123,3837,2785,271,-159,-301
-15086,5290,2472,271,-171,-301
-14450,5736,4491,281,-159,-289
-14921,5678,2607,288,-173,-283
-7684,442,29293,287,-174,-277
-14599,1224,-1263,305,-167,-257
-14605,5729,2571,326,-174,-247
-15543,10239,2769,323,-176,-228
-16849,8001,-1233,323,-179,-203
-16307,6612,-2382,344,-176,-193
-15423,4373,-3257,348,-175,-182
-14555,1496,-3655,354,-169,-179
-11902,5382,-2399,347,-169,-164
-14705,2148,-3475,360,-167,-142
-16544,1213,-3776,365,-162,-139
-14164,3335,-7260,358,-158,-109
-15096,4233,-7190,373,-162,-90
-13535,2910,-8423,377,-168,-84
-13058,2571,-8466,356,-153,-57
-14080,2927,-9946,357,-157,-46
-13889,4202,-10627,349,-159,-39
-12772,2535,-10449,361,-151,-33
-11978,1208,-11232,352,-159,-12
-10068,1091,-13218,339,-152,-17
-10638,2894,-13432,331,-140,17
-9300,1787,-13454,324,-141,25
-5855,-604,-14396,310,-135,53
-8348,-681,-16598,301,-124,60
-8434,879,-15900,297,-133,71
-6943,342,-15435,279,-125,95
-4374,-1773,-16686,270,-115,96
-7281,-1009,-16365,254,-110,101
-6644,-1195,-16500,243,-117,121
-3701,-2399,-16530,232,-118,120
-3265,-2806,-16688,221,-113,120
-3738,-1480,-16594,215,-110,128
-1734,-1763,-15413,208,-104,125
-1774,-2123,-15504,204,-102,133
-1583,-3156,-16267,185,-94,142
-280,-2464,-16410,185,-89,132
8,-1229,-16206,180,-94,134
-1421,-1629,-16249,180,-96,137
-1036,-2169,-15096,157,-105,138
-461,-1949,-14616,155,-100,143
127,-1011,-15274,143,-94,152
1057,-1811,-15028,150,-110,131
695,-1477,-15118,144,-107,143
1500,-964,-16618,138,-113,134
2801,-1158,-17649,146,-116,130
2557,77,-17886,118,-127,131
3225,637,-17402,109,-138,134
4819,846,-17092,97,-124,114
6578,-4489,-18279,80,-135,117
5109,-1187,-15361,66,-141,106
7290,330,-14937,60,-155,95
7986,2615,-13904,56,-156,94
8618,4352,-14807,36,-164,78
9865,2097,-14196,32,-168,84
10674,2578,-13181,24,-170,67
11613,4186,-14405,20,-179,58
10374,5985,-11998,18,-169,49
8908,5345,-8472,11,-190,35
10025,4730,-8047,0,-191,24
12308,4796,-9572,6,-194,20
13755,5361,-11166,5,-208,12
12219,6081,-10757,-2,-203,12
12728,4144,-9594,3,-207,1
13912,5225,-11850,2,-213,0
11051,6826,-9808,-7,-215,2
11462,6762,-8826,-6,-226,-18
12515,6276,-6557,2,-227,-24
12317,7473,-6757,-2,-234,-34
11907,8256,-6383,5,-239,-39
13545,8269,-5594,10,-237,-46
14205,6848,-8019,6,-231,-38
12317,7489,-7806,14,-243,-38
11056,9128,-5575,3,-243,-65
12405,10255,-5766,24,-240,-67
13050,9051,-3955,23,-254,-80
12333,9035,-2953,27,-243,-89
12302,10394,-2785,27,-257,-104
11195,11141,-1794,31,-259,-122
11247,10980,-603,36,-254,-130
11501,10171,-23,65,-273,-137
10796,11331,214,65,-266,-137
10036,11973,581,83,-268,-154
9067,12115,736,100,-277,-153
8363,13632,1470,103,-265,-158
8204,14545,1814,121,-279,-158
8017,14831,1591,129,-274,-153
7470,15332,1401,138,-273,-164
7604,15030,4486,139,-272,-165
6966,13682,2614,157,-267,-182
5983,15204,3255,173,-260,-187
6168,14558,4465,187,-268,-186
6096,14988,4722,198,-256,-188
5353,16353,5141,203,-256,-183
5213,16129,4922,215,-265,-204
3960,13417,5272,204,-260,-195
2744,11775,6235,216,-251,-223
3370,13255,6668,223,-245,-226
4616,15271,6975,228,-245,-236
4410,14384,6729,234,-244,-240
3092,13832,7577,241,-236,-251
2484,11507,8673,237,-227,-260
2050,12680,9719,234,-220,-264
2992,14358,9903,249,-209,-280
3184,14115,9131,238,-204,-290
1433,10750,8909,251,-194,-293
978,8587,9477,251,-197,-295
1788,11268,11190,260,-179,-299
2099,12929,12091,260,-176,-318
1088,11987,12139,271,-167,-314
-599,9241,11836,283,-148,-327
-685,7235,12832,290,-148,-325
433,9618,14199,289,-138,-323
374,10985,15513,301,-131,-312
-972,11096,17012,310,-113,-323
-2333,8122,17086,301,-117,-325
-2750,6374,15948,311,-112,-320
-2823,5095,14648,320,-92,-326
-2282,4613,14217,331,-84,-328
-1667,4236,14175,324,-66,-334
-1159,4220,14934,332,-56,-332
-2125,4875,15104,335,-49,-332
-2426,3341,13965,330,-37,-342
-3171,1108,14116,332,-15,-347
-5870,-636,17014,344,-16,-328
-4268,1812,17778,352,-2,-328
-3926,2355,17270,348,8,-337
-3553,5279,17091,350,9,-336
-3838,2579,15428,353,20,-312
-4963,223,13966,350,39,-307
-5163,-258,14932,360,38,-321
-5100,-1831,16200,365,46,-311
-4083,-379,16692,362,48,-301
-4188,631,15740,361,42,-300
-5056,1508,14878,370,53,-294
-5423,1592,15609,373,50,-304
-5576,1467,16369,370,53,-296
-5693,925,15325,377,59,-283
-4964,362,14866,383,67,-277
-5302,-1420,15906,379,69,-271
-7305,-2101,16145,379,78,-266
-7565,-3851,15035,397,73,-246
-8571,-761,9466,399,82,-242
-10368,-6302,13922,407,87,-225
-9052,-5237,12713,410,90,-217
-9040,-5642,10722,413,93,-202
-10664,-4728,8797,417,92,-193
-11170,-4740,10545,417,87,-188
-10746,-5580,10427,421,98,-170
-11795,-7733,8733,417,92,-179
-12928,-8823,9721,414,87,-166
-12209,-9608,9011,422,96,-159
-12429,-8970,8396,424,88,-160
-11759,-8038,7782,414,94,-154
-12136,-6178,7393,430,79,-152
-11141,-7475,8397,426,81,-141
-9891,-11362,11088,430,72,-139
-11893,-10372,6942,433,67,-134
-13965,-9188,5231,433,77,-122
-13374,-9496,5535,430,60,-117
-13048,-9120,6417,440,43,-122
-13691,-6971,5918,434,52,-121
-14077,-7123,5189,440,38,-112
-13530,-7802,5276,440,31,-115
-13379,-6877,4733,431,23,-109
-13392,-7871,4389,434,23,-111
-14019,-11123,3203,434,20,-121
-14726,-11290,2207,433,12,-112
-14763,-9309,2209,439,-1,-123
-14251,-7358,2141,437,3,-118
-14065,-7855,2923,433,-4,-134
-13165,-8314,3596,439,-1,-136
-12850,-7941,3679,433,0,-142
-13411,-7571,3506,435,-4,-144
-13630,-8183,3399,435,0,-149
-14015,-9494,2200,422,0,-139
-14993,-7098,960,429,-3,-141
-14802,-5795,436,429,1,-153
-14123,-8378,1894,431,-15,-145
-14146,-9401,1871,421,-6,-165
-14365,-10137,873,426,-1,-165
-13907,-9492,1992,427,-9,-171
-13791,-8352,1155,427,-2,-169
-13824,-8812,1283,424,-3,-177
-13750,-9079,208,427,9,-179
-13534,-8994,-726,425,4,-188
-14400,-9972,-286,424,3,-177
-13966,-9712,320,421,13,-195
-13281,-9722,1252,420,26,-198
-12804,-9385,671,418,25,-195
-13513,-8716,130,424,37,-185
-14189,-9359,-449,414,38,-181
-14233,-8938,-1561,413,44,-190
-13658,-8640,-1654,414,46,-183
-13227,-9243,-1748,414,53,-176
-12049,-10295,-1328,410,52,-175
-11321,-10704,-2051,424,54,-172
-11649,-9983,-3694,418,61,-170
-12391,-9368,-5816,417,67,-154
-12440,-10923,-6801,420,65,-149
-12615,-10059,-6104,414,82,-147
-11527,-10290,-6498,412,82,-137
-10685,-10647,-7512,416,90,-123
-10740,-9883,-7849,410,85,-114
-10380,-8667,-9454,403,90,-106
-9438,-8620,-11333,405,93,-94
-8813,-8480,-12225,407,94,-61
-8432,-6923,-11725,388,96,-44
-7644,-5951,-11411,397,95,-23
-7005,-5724,-13276,387,100,-20
-5646,-5626,-16312,382,90,6
-4877,-4508,-17107,362,92,44
-3878,-2880,-17131,360,79,41
-3712,-2552,-15802,345,69,72
-2059,-1218,-16344,327,49,84
-927,-279,-18029,323,50,100
-134,-33,-18972,297,36,107
959,1027,-18386,267,25,121
2097,2281,-17602,247,12,130
2421,2646,-16479,243,-1,141
3677,3633,-16863,232,-19,142
4702,4920,-16600,208,-19,154
5952,5866,-16506,187,-36,144
6987,5807,-15060,183,-44,165
7023,5867,-13970,159,-62,147
7858,6367,-13387,151,-72,147
8675,7141,-13354,146,-87,144
9132,7225,-12714,123,-95,133
8865,7846,-11344,109,-108,137
9672,9100,-11763,99,-113,125
9736,9800,-12418,84,-119,128
9873,7949,-11712,70,-138,107
11198,6791,-8230,73,-150,100
11733,7939,-6386,49,-171,85
11149,9612,-5182,40,-185,69
11784,12370,-5676,18,-188,56
12282,10043,-7559,22,-197,33
13487,5624,-7172,10,-201,24
13478,5758,-5132,-11,-207,-23
11899,8764,-1419,-19,-211,-11
13353,8661,-466,-41,-215,-51
14166,7706,118,-49,-208,-73
13824,6001,308,-46,-203,-90
14146,3368,745,-71,-207,-114
14669,4916,369,-76,-199,-136
14711,3941,1504,-88,-191,-144
14450,1813,3883,-88,-191,-144
13328,1178,5336,-92,-168,-187
12890,148,6784,-99,-159,-206
12894,-571,7445,-101,-142,-233
12923,-1704,7556,-104,-142,-237
13888,41,7435,-97,-127,-251
13839,432,6674,-92,-115,-271
15090,-1295,6033,-104,-113,-274
14883,-2813,6126,-101,-82,-279
14063,-3440,6890,-114,-87,-294
13286,-4123,8077,-114,-82,-294
10429,-7335,12811,-96,-65,-296
10847,-916,10707,-103,-59,-312
12615,-7074,8162,-101,-48,-316
14193,-5994,6869,-110,-52,-307
17072,-2357,3119,-101,-41,-304
15810,-2143,3707,-113,-25,-310
13558,-5479,6137,-103,-20,-298
13367,-6006,5087,-104,-24,-311
12762,-7091,4957,-120,-4,-316
12722,-7124,4862,-113,8,-312
11805,-7238,4724,-109,21,-311
11238,-7415,4203,-100,30,-307
10965,-8433,3139,-103,39,-302
11507,-9761,2304,-108,59,-317
12047,-10857,2486,-106,84,-306
10197,-13544,962,-90,93,-295
7682,-12353,1046,-91,101,-299
8297,-13664,980,-96,121,-290
9245,-15337,1335,-96,121,-279
7291,-10157,2113,-86,157,-267
6594,-13432,-2318,-83,157,-255
7579,-15136,-430,-78,191,-237
7505,-13741,-1435,-74,190,-219
6187,-14254,-3343,-73,205,-208
7159,-15346,-3978,-65,203,-196
7824,-16555,-5123,-78,203,-179
7755,-16163,-6498,-62,208,-164
7621,-14161,-6296,-67,205,-164
8534,-11299,-6351,-63,209,-158
9220,-11780,-6673,-66,221,-155
8854,-15097,-8602,-73,203,-147
7576,-17839,-9520,-60,220,-142
8417,-14559,-10212,-58,219,-133
9631,-10284,-9966,-65,215,-130
8489,-9434,-9275,-61,224,-131
7287,-9145,-10146,-50,216,-118
6686,-13337,-9334,-57,225,-120
7903,-13888,-9401,-50,224,-111
10566,-11496,-9522,-52,225,-112
10921,-8614,-9705,-43,221,-109
8679,-7209,-9775,-37,224,-111
8024,-8188,-9387,-39,227,-115
8810,-10643,-8698,-36,234,-120
9303,-12280,-10144,-32,228,-121
10420,-11217,-10761,-43,226,-123
11893,-10733,-8873,-33,227,-127
11633,-9829,-7463,-44,225,-132
10695,-10731,-6890,-33,232,-125
12972,-11927,-5587,-24,231,-148
11506,-12332,-7576,-16,233,-170
12059,-13519,-7587,-31,222,-174
12945,-12147,-4324,-20,227,-191
13113,-12554,-1994,-18,225,-206
12893,-13094,-627,-19,216,-236
12192,-12405,1421,-19,214,-224
12157,-10325,3084,-24,194,-266
13163,-8334,6845,-26,191,-277
9511,-7846,1689,-32,151,-300
12692,-6405,3903,-33,123,-323
11388,-5875,2578,-48,90,-334
11572,-854,4913,-45,56,-349
15112,2089,7115,-50,30,-349
14362,3047,6962,-52,7,-340
13784,3245,5964,-63,-13,-342
14785,3983,5774,-56,-42,-329
14955,5635,4252,-54,-87,-336
12279,6945,1680,-53,-110,-320
11680,8933,93,-37,-124,-307
12519,9263,599,-40,-144,-298
12247,10092,18,-40,-161,-293
11748,9925,-809,-39,-162,-279
10967,11177,-1807,-22,-173,-266
11180,11310,-4097,-36,-191,-257
11037,11753,-4335,-16,-211,-229
9981,10689,-4650,-14,-224,-226
10852,11902,-3877,-3,-228,-207
10202,11873,-5176,-11,-236,-187
10293,11363,-5906,-2,-239,-186
9875,11478,-6507,7,-244,-154
9837,11203,-6178,7,-249,-152
9639,10861,-7211,18,-249,-127
9118,10867,-7498,20,-259,-117
8481,10916,-7382,28,-261,-88
9197,9188,-7665,45,-257,-77
9048,9025,-8667,49,-259,-71
9047,7566,-10602,49,-256,-51
7325,9533,-10844,56,-250,-35
7370,7308,-12452,60,-239,-24
6566,8639,-16463,60,-242,-7
7452,8668,-12685,54,-234,-2
7802,7452,-11628,54,-222,2
7516,6416,-12032,63,-238,15
6338,5949,-12018,63,-221,13
5178,5747,-14285,67,-210,31
7157,6779,-14419,67,-217,51
7183,1954,-15865,73,-203,56
7561,4582,-14697,70,-201,66
7918,7577,-15469,67,-186,76
7627,4401,-14738,61,-173,79
6750,2590,-14330,75,-176,85
7565,2942,-14461,71,-163,91
7944,2866,-15090,78,-164,88
7878,3028,-15796,76,-153,104
6965,2185,-14929,78,-157,103
6641,1993,-13925,90,-151,104
7219,2199,-14847,99,-150,112
7793,1484,-13952,88,-147,117
7709,1273,-14043,101,-130,125
7166,1112,-14340,100,-122,131
6790,-127,-14032,108,-122,131
6938,337,-14892,109,-118,130
6597,-197,-14116,117,-104,144
6250,-819,-14363,129,-105,150
6254,-1519,-13493,135,-89,139
6828,-2675,-13682,129,-81,150
4978,-5684,-13389,148,-79,149
1293,558,-13495,165,-47,160
8411,-8528,-19088,165,-15,168
5829,-6265,-13413,168,-8,170
4863,-7470,-16193,163,1,160
4787,-6215,-16413,174,-2,171
4519,-6060,-15499,186,3,158
2885,-5883,-14989,189,15,158
1827,-6262,-14852,212,18,158
-225,-6465,-14080,224,26,154
-1968,-10715,-15754,237,33,144
-1428,-8714,-16031,246,30,141
-1234,-7820,-15045,275,49,136
-1403,-9054,-14741,276,43,130
-2010,-7943,-13951,309,64,126
-2636,-8202,-14622,303,83,114
-3264,-10465,-13363,323,72,95
-3908,-10931,-12554,328,84,98
-6009,-12717,-12816,339,84,78
-5988,-12567,-11630,348,85,72
-7255,-11260,-9802,361,93,62
-9102,-10639,-8888,369,95,50
-9793,-11965,-7484,373,96,41
-10016,-13119,-6671,367,104,29
-9512,-14357,-7691,380,84,26
-6907,-11769,-6860,382,98,20
-8729,-11903,-5154,396,89,26
-8452,-12068,-6022,396,99,12
-8346,-9849,-3759,395,105,13
-6760,-15856,-2947,386,104,19
-9380,-12383,-3823,386,99,14
-8248,-12174,-5752,392,93,13
-9318,-14150,-5593,384,102,30
-7370,-14136,-4304,378,116,31
-7247,-13224,-3743,364,107,35
-7614,-14639,-3887,357,113,51
-7509,-15885,-4926,350,117,55
-8614,-15086,-6120,335,127,57
-8515,-12610,-6030,344,125,56
-8233,-13701,-5235,335,129,60
-7371,-16056,-4418,327,134,55
-7468,-18414,-4230,339,142,51
-9413,-18539,-6931,336,152,29
-7776,-13077,-294,328,159,29
-9385,-11729,-155,344,176,12
-10151,-11531,17,341,184,-7
-8744,-12718,1609,354,181,-19
-8709,-16283,876,347,179,-34
-9551,-20605,-81,352,196,-39
-9309,-16674,3334,362,186,-56
-9220,-8955,8221,367,196,-80
-10191,-6050,9092,367,184,-105
-8047,-8521,9439,357,193,-127
-8141,-10856,10308,369,185,-143
-8850,-10742,10908,375,179,-157
-9172,-10740,9745,367,179,-171
-8303,-7112,11404,374,182,-168
-8055,-6732,10780,360,164,-193
-7779,-6746,10832,377,178,-202
-7432,-7189,12695,364,158,-212
-7173,-5561,13933,361,168,-231
-7874,-4451,13644,354,167,-237
-7538,-3669,13353,353,148,-248
-6878,-2731,13572,362,150,-267
-5890,-2170,14489,353,129,-285
-6900,-2682,13943,352,147,-279
-5728,-1897,14742,334,123,-299
-4934,-257,17234,337,122,-293
-4827,1748,17325,318,96,-331
-4805,-78,15626,322,88,-334
-4375,4496,14681,313,87,-345
-4248,2628,15605,305,65,-348
-3783,4523,16404,311,69,-359
-3344,5307,16261,301,49,-359
-3396,5351,15596,297,58,-367
-4068,5216,14820,296,39,-369
-3752,5761,14566,297,33,-377
-3662,6852,14277,287,29,-382
-3253,7295,14154,288,23,-379
-3472,7599,14487,280,20,-374
-3767,7335,14049,275,-3,-379
-3524,7937,13509,273,-7,-377
-3648,8751,13459,270,-10,-379
-3836,9121,13458,267,-18,-391
-5035,10194,13458,259,-18,-381
-4793,9382,12842,262,-27,-379
-4180,9828,12684,243,-37,-396
-1838,9682,12384,228,-39,-398
110,9314,12336,219,-36,-407
995,10290,11613,198,-48,-402
542,11247,11529,181,-52,-403
1178,11489,11229,177,-72,-399
1351,12120,11207,163,-64,-403
1541,12705,10578,155,-78,-398
2299,12148,10035,134,-85,-398
2003,12641,9942,144,-100,-401
2185,13428,9653,118,-98,-388
2003,14117,9179,112,-108,-399
3451,13486,8481,100,-112,-391
3102,13640,8036,86,-108,-385
3346,13131,7755,83,-121,-372
4517,13280,7209,66,-127,-381
4460,13806,5738,46,-128,-372
4543,14390,5121,46,-133,-353
4843,15171,4881,36,-152,-350
5537,15707,4740,24,-163,-344
6066,15705,4650,15,-155,-331
6694,15836,4059,1,-161,-329
7069,15773,3677,2,-157,-323
6455,15308,3048,-15,-157,-321
7179,14990,3746,-9,-156,-307
7749,15161,4519,-22,-146,-320
8054,14604,3924,-27,-144,-320
9026,13339,4291,-28,-123,-331
10758,11803,5674,-23,-118,-340
9734,11402,5405,-28,-92,-345
8940,9916,6891,-27,-78,-347
9746,10214,6617,-27,-61,-359
11071,9842,6591,-33,-48,-367
11406,8040,6406,-27,-39,-379
12408,8147,8984,-15,-24,-377
12077,6572,9588,-9,3,-376
11389,5672,9994,-3,15,-381
11233,4463,10227,9,27,-388
11635,3211,10382,7,38,-397
10788,2513,10749,30,47,-393
10380,2591,11398,22,61,-388
10304,1844,12402,44,77,-397
10321,297,12731,49,84,-394
9892,-1331,13048,71,95,-403
9692,-2932,13285,104,104,-397
7591,-2584,12486,121,110,-396
6948,-3062,13056,133,125,-382
6087,-3042,14205,147,127,-386
4849,-4791,14353,173,136,-376
4856,-4915,14468,181,151,-374
5079,-5041,15149,215,151,-361
3067,-7019,13853,223,148,-366
2105,-7011,13010,232,155,-343
446,-6537,14028,271,157,-338
221,-7722,13909,266,155,-326
-806,-7583,14796,302,164,-306
-2101,-9120,13550,309,153,-307
-2790,-7815,13883,326,159,-289
-4360,-7623,13510,345,148,-275
-4219,-8207,12808,349,142,-260
-4804,-8120,12736,354,150,-242
-5367,-9736,12230,367,150,-233
-7420,-8462,12105,373,155,-215
-7227,-11168,11493,382,141,-209
-7884,-8368,9779,395,144,-190
-9407,-7569,9485,401,135,-169
-8524,-8466,9655,410,134,-168
-9288,-9573,9075,404,140,-159
-11335,-8210,6472,401,130,-125
-11123,-10561,7773,429,129,-123
-11161,-9046,7083,400,136,-94
-12004,-10272,5616,396,125,-76
-11965,-9722,4103,403,129,-52
-12555,-9458,3060,407,125,-24
-13091,-10202,1347,379,141,-13
-13180,-10447,84,375,128,12
-13747,-10007,-1657,367,121,12
-14482,-9941,-3144,353,122,42
-14136,-9982,-3374,341,118,58
-16010,-9747,-3506,334,113,71
-15596,-9428,-3884,319,115,82
-15787,-7258,-4907,314,100,84
-15973,-7202,-5551,305,107,91
-16578,-7550,-5757,305,101,88
-16944,-6604,-5614,297,96,110
-15083,-6812,-5443,309,100,99
-14859,-6879,-6097,303,102,101
-15224,-6372,-5557,296,102,106
-14544,-6265,-5553,311,107,89
-14389,-6846,-5301,315,104,95
-14062,-6413,-4881,319,110,91
-13687,-4205,-4543,324,100,87
-14552,-3242,-5412,314,107,82
-14556,-2226,-5251,320,118,85
-14933,-1340,-5651,327,102,84
-15808,-392,-5594,320,87,90
-15853,-621,-5850,330,90,74
-15188,-809,-6029,332,100,77
-15394,-709,-6181,332,85,82
-15484,1451,-7369,330,78,82
-15486,2273,-7710,330,81,84
-15312,1890,-7584,336,84,88
-15255,1689,-6952,341,70,90
-15172,2494,-6325,343,85,89
-14663,2149,-6411,349,65,78
-13550,2525,-6719,344,62,83
-13272,3584,-7325,345,54,82
-13261,5742,-7772,360,50,76
-13699,6337,-7389,360,36,71
-13030,6480,-7703,361,35,74
-13192,5457,-7415,374,35,74
-13240,6364,-7128,367,29,61
-13742,6411,-6916,377,27,62
-13220,7211,-6671,378,14,61
-13230,7402,-6824,384,3,62
-13125,9790,-7742,371,6,45
-12239,10641,-7975,380,0,44
-11830,8966,-6153,388,-9,46
-12450,9569,-5725,394,-16,34
-12699,9856,-5388,397,-10,28
-12791,10495,-5555,397,-27,28
-12767,10711,-5558,403,-27,33
-12105,10464,-6380,400,-39,20
-11942,10822,-5322,403,-39,8
-11109,10740,-4874,396,-58,-9
-10945,11840,-4082,400,-71,-13
-10452,12082,-3351,408,-90,-30
-9210,13113,-3118,410,-83,-45
-9063,13616,-2073,408,-93,-50
-8502,13295,-1643,407,-108,-71
-8572,13205,-1770,399,-111,-73
-8621,13096,-1364,403,-127,-94
-8520,13772,-977,405,-131,-94
-7831,13275,-549,401,-150,-117
-7285,13865,-148,390,-141,-123
-6918,14250,319,388,-152,-139
-6156,14718,848,380,-157,-152
-5489,14511,975,371,-170,-165
-5776,14753,1729,358,-170,-182
-4540,14269,2393,356,-165,-195
-4180,15611,2846,332,-180,-212
-3373,14513,3711,330,-173,-231
-2766,15644,2890,313,-186,-240
-2960,15730,2939,313,-193,-250
-4101,16599,3354,288,-190,-261
-1766,14338,3272,270,-197,-273
362,14712,3188,246,-192,-285
-456,16211,3537,247,-196,-294
-334,16214,2860,223,-192,-302
85,15846,2414,204,-204,-302
365,16025,2096,193,-196,-301
784,17513,2062,183,-216,-305
206,16937,2159,170,-199,-310
1453,16943,2347,153,-210,-301
1400,15760,2713,138,-208,-306
1154,15085,2886,127,-205,-311
1809,16298,1786,110,-209,-300
2744,15825,917,108,-211,-295
2275,15183,1164,84,-214,-295
2320,14269,1582,73,-208,-311
2834,14942,1888,58,-204,-305
4191,15678,789,41,-203,-282
5535,15892,633,28,-196,-289
5442,15955,1454,15,-196,-287
5194,15008,1591,11,-197,-295
5496,14616,1587,-7,-193,-282
5729,13951,1164,-1,-190,-285
6102,14709,893,-28,-174,-279
7436,15298,709,-40,-182,-271
8535,14112,658,-56,-165,-268
9492,12914,637,-71,-161,-263
10104,12576,288,-79,-146,-273
10444,12373,75,-91,-128,-255
11256,12913,208,-99,-123,-267
11471,12191,505,-112,-104,-260
12645,10390,205,-121,-83,-248
14123,9261,145,-125,-62,-260
14958,8156,256,-129,-59,-256
14736,7628,484,-134,-49,-253
13499,7429,288,-133,-38,-260
15370,6310,-890,-140,-9,-252
16410,4136,-145,-138,9,-264
15550,4497,-88,-136,27,-261
15368,4248,124,-135,38,-262
15690,3118,1145,-126,42,-275
16549,2132,889,-118,71,-266
17826,-17,1125,-123,69,-278
17045,1065,118,-104,94,-279
14399,360,1234,-101,92,-282
14274,-2875,1901,-90,112,-295
15192,-6688,3568,-66,117,-310
15452,-5704,3185,-61,136,-302
15186,-5472,3564,-50,139,-310
13783,-5128,3607,-37,146,-320
14933,-4284,4842,-24,146,-332
14384,-6613,5600,-3,153,-322
12756,-7996,5599,5,169,-331
11162,-7912,6497,26,171,-328
11033,-7871,7394,40,182,-339
12308,-7273,9005,66,175,-342
9624,-9172,7168,95,185,-359
10028,-7835,7148,131,178,-349
6359,-11331,10069,140,186,-350
5171,-11032,9796,170,185,-339
3416,-10520,9465,190,184,-331
2446,-11294,10294,219,179,-326
1930,-12101,10327,234,176,-331
563,-12650,10700,263,171,-309
1509,-13672,12766,276,162,-311
-674,-11498,9275,309,148,-293
-3676,-10625,8879,337,141,-293
-5938,-11921,8973,349,135,-264
-6447,-12538,8660,366,129,-248
-7564,-12035,8619,373,125,-225
-8580,-12761,7301,396,111,-220
-9767,-12010,8018,400,107,-209
-9680,-9989,6615,412,87,-183
-12155,-13012,5296,417,79,-179
-12415,-12799,4515,429,76,-148
-11831,-11571,4181,433,62,-134
-12403,-10800,4274,429,61,-118
-12899,-10313,2689,427,41,-105
-13422,-9771,1513,424,39,-87
-13571,-10269,-378,427,24,-73
-13772,-9660,-583,425,31,-73
-14320,-8374,-1898,417,16,-56
-14176,-7855,-3216,420,7,-46
-14673,-7812,-5030,417,0,-31
-14874,-8356,-6175,418,-15,-13
-15096,-7856,-6117,395,-23,-3
-14792,-7586,-6400,394,-36,0
-14944,-7487,-7003,392,-44,8
-13590,-7667,-7450,392,-49,8
-11661,-5349,-8775,380,-50,17
-13369,-2246,-10949,379,-69,15
-15901,-5588,-10453,387,-71,28
-14243,-3668,-9867,378,-65,17
-14992,-4784,-7566,367,-79,26
-12030,-3749,-7676,365,-79,22
-12667,-3837,-9802,364,-88,30
-12513,-3012,-11563,349,-92,36
-10076,-2129,-12191,341,-108,49
-9475,2639,-14629,335,-112,52
-13379,382,-14440,326,-125,53
-11217,-1316,-16508,318,-133,53
-10229,-8204,-10961,327,-136,47
-10187,-2238,-10146,324,-124,60
-9416,2124,-10959,310,-130,53
-9573,407,-12661,314,-141,62
-8583,1278,-13783,305,-152,53
-8594,1101,-14749,294,-155,56
-7442,1670,-14445,294,-147,58
-6767,2439,-14153,277,-163,52
-5311,1418,-13228,275,-170,52
-7239,-2479,-18262,258,-176,61
-5418,5022,-15329,249,-190,45
-5155,8461,-15751,237,-188,51
-3353,7058,-14534,230,-194,47
-3196,5750,-13888,221,-205,50
-3955,6777,-14998,212,-204,42
-4045,7455,-16626,204,-216,28
-2073,7415,-14595,200,-225,26
-3173,7125,-12728,200,-230,17
-2364,8489,-13007,210,-238,3
-2204,10933,-13593,207,-240,13
-1996,10717,-13827,217,-240,-23
-1544,11853,-12822,219,-247,-41
-2390,11097,-11254,220,-257,-67
-2678,11746,-10219,233,-260,-77
-2733,13040,-9146,230,-253,-84
-1718,17053,-8172,240,-254,-105
-3093,17333,-6813,237,-266,-112
405,13589,-7540,233,-260,-141
305,12773,-6911,232,-256,-154
48,14178,-5483,229,-261,-166
-119,14103,-4286,232,-259,-186
426,14712,-3869,225,-257,-190
-473,15646,-3735,240,-251,-201
74,17307,-2779,240,-256,-203
-1506,18428,-1927,234,-244,-213
473,16083,-1061,240,-237,-223
103,15837,-235,245,-237,-225
-395,15720,-743,242,-239,-233
-604,15359,-376,253,-222,-255
-1159,17554,1813,260,-215,-250
-573,18946,3203,264,-221,-261
-434,17955,4286,258,-208,-274
-1611,13689,2837,267,-199,-293
-2102,11984,2699,257,-180,-302
-383,13339,5801,263,-179,-314
-792,14889,8314,266,-159,-328
-67,15230,9366,266,-157,-336
-23,14197,9186,260,-145,-345
-1324,13497,8105,264,-139,-352
-1302,11208,8037,270,-127,-359
-258,10849,9999,275,-110,-364
-1147,11628,9936,280,-105,-369
-1412,10616,10078,284,-92,-367
-1480,9648,11840,290,-83,-361
-1864,9607,12718,288,-78,-361
-960,10732,10606,300,-77,-355
-1766,10992,11307,314,-71,-356
-3367,10209,11847,309,-64,-361
-4325,8466,12030,320,-62,-348
-3382,8779,12032,332,-54,-347
-3699,8351,11991,339,-50,-340
-4782,6561,13874,348,-49,-325
-5564,6327,13499,348,-35,-312
-5726,8716,14460,373,-38,-309
-6398,8210,13498,379,-25,-298
-8889,6329,14772,387,-23,-290
-8332,225,12543,387,-15,-285
-8526,2920,14369,396,4,-284
-10229,7130,14265,403,20,-273
-9634,5459,12685,409,19,-267
-10229,3453,12120,405,23,-239
-10981,2314,12328,412,26,-242
-10368,869,13782,417,43,-225
-10979,4145,14262,412,46,-223
-11648,2587,11127,422,48,-210
-11067,-919,9334,424,48,-210
-12902,-1665,9222,429,54,-199
-12960,-2759,8349,409,62,-191
-14101,-1077,13279,425,82,-181
-14189,206,13675,426,78,-170
-13948,-1100,12789,425,94,-154
-12478,-163,10632,422,92,-159
-11613,-4342,8919,420,89,-147
-12315,-4490,10722,422,96,-149
-11798,-4230,9971,421,85,-143
-12625,-3249,10714,424,100,-150
-12353,-5470,11968,414,101,-144
-12481,-5356,10708,413,117,-153
-12447,-4794,9361,404,113,-147
-11925,-6276,9094,401,140,-147
-11766,-7924,10972,404,130,-149
-11453,-8522,12736,404,128,-149
-11867,-7584,12675,397,144,-148
-11166,-6946,11449,386,155,-159
-10197,-9049,10491,378,162,-159
-9830,-6806,9783,369,165,-163
-7810,-7100,9817,361,190,-155
-11601,-6454,20513,362,191,-174
-6682,-13232,12930,354,201,-174
-7075,-12193,10974,337,197,-185
-5362,-9261,7478,332,202,-190
-5443,-13301,8895,330,209,-197
-4228,-10859,11754,311,207,-199
-3572,-10596,12104,306,221,-206
-3667,-11254,11739,306,221,-190
-3413,-11039,10918,298,240,-197
-3101,-11611,11058,279,232,-193
-2160,-12367,10038,284,242,-206
-971,-12266,9456,276,249,-198
800,-11318,9143,263,247,-196
1923,-13181,10450,243,253,-195
2048,-13980,8810,250,251,-186
2310,-15567,7516,254,262,-165
2266,-19047,7720,246,265,-153
1751,-17985,7853,238,274,-141
1755,-14304,6427,250,266,-132
1645,-13013,4286,245,259,-127
2057,-13733,3040,251,267,-118
1510,-16626,1309,260,254,-110
1044,-18306,992,255,256,-90
1311,-18407,103,243,260,-74
1619,-16125,-986,243,262,-65
2081,-15012,-1692,255,251,-61
2067,-15723,-1826,247,259,-53
1630,-16627,-2023,254,245,-55
2264,-17432,-2596,237,249,-39
2658,-16426,-3943,237,249,-22
2142,-14632,-4913,250,256,-24
2708,-14647,-5142,247,247,-26
2794,-15026,-5038,243,243,-18
2786,-14010,-5180,238,240,-6
4207,-15565,-5988,237,242,-14
4387,-15209,-6389,228,243,-11
4482,-14227,-6758,228,240,3
4699,-14033,-7072,215,238,6
4672,-13168,-6868,208,242,0
5034,-12475,-6988,199,245,18
6443,-12201,-7334,200,242,7
8318,-13264,-7812,191,243,11
8010,-12799,-8034,185,239,22
7243,-11953,-8467,174,244,19
8811,-12271,-10111,169,234,29
9349,-12854,-10603,164,239,31
9021,-12151,-9955,152,233,20
8994,-10904,-9176,151,232,24
10482,-10896,-9499,130,234,36
10446,-11417,-8696,135,234,26
9084,-10949,-8672,117,244,17
9333,-9776,-8515,100,236,23
10324,-9780,-8039,88,225,19
11351,-9444,-7299,84,236,11
11837,-9330,-6525,66,240,11
12502,-8280,-6174,41,237,12
12828,-7784,-5793,43,228,-1
12851,-8182,-5484,23,232,-9
12824,-7227,-4830,18,222,-22
14748,-6847,-4214,0,237,-31
15332,-6803,-3342,-26,227,-46
14929,-5820,-1833,-37,226,-52
15134,-4693,-994,-48,224,-79
14935,-4964,-1285,-52,205,-95
14276,-3861,-887,-61,209,-106
16275,-3230,387,-63,199,-109
16471,-2511,2244,-83,191,-144
15539,-1450,3370,-93,184,-161
15234,-1307,2714,-88,174,-183
15359,-1071,1776,-99,174,-191
15599,-982,2284,-100,156,-202
15025,346,3583,-103,148,-224
15111,2630,4511,-110,134,-241
14966,3636,5164,-101,113,-255
14818,3924,5703,-103,110,-275
14686,3856,5681,-106,96,-279
14400,3315,5190,-103,93,-283
13593,3340,5353,-104,79,-277
13979,4289,5497,-109,65,-284
14268,5212,5840,-106,55,-296
13871,5104,5778,-108,39,-305
13866,5194,5635,-96,33,-304
14135,5244,5536,-99,36,-318
14070,4558,5388,-88,24,-318
13749,5118,5401,-97,15,-322
14233,6700,5575,-71,13,-320
13892,6858,4950,-80,-4,-331
14054,10779,4311,-76,-1,-332
12026,12304,2808,-67,-14,-340
15569,9831,8866,-78,-29,-336
13378,9932,6107,-60,-38,-338
13166,9112,4496,-65,-65,-343
12985,8158,4306,-50,-61,-344
12732,8347,5136,-52,-70,-348
12383,9586,5591,-61,-81,-364
12060,9613,5968,-36,-89,-343
11194,10547,5585,-32,-98,-342
10502,11094,4165,-27,-112,-342
11240,8787,4067,-22,-110,-349
9939,12010,2950,-18,-140,-328
10224,11077,3718,0,-152,-336
9260,11640,4184,7,-164,-336
9913,11309,2454,20,-174,-328
10273,12050,1965,26,-193,-321
9730,14217,2282,33,-196,-309
6786,15965,2996,40,-197,-312
8565,14850,1886,54,-210,-311
10042,13352,977,70,-215,-294
5793,13741,903,61,-216,-288
5676,14380,2013,66,-219,-295
8190,14249,2514,78,-230,-282
7899,14308,2186,63,-226,-285
7666,13010,1386,66,-228,-275
9380,12153,-1020,75,-234,-269
6845,14200,1700,83,-230,-277
6028,15220,1099,100,-240,-258
5997,16460,-400,87,-253,-261
6751,13855,286,105,-253,-248
6593,14283,-112,122,-249,-252
6058,14622,-14,118,-255,-244
5916,15372,-218,127,-242,-237
4410,15981,-1253,138,-259,-233
4095,16198,-2346,151,-259,-215
5249,15369,-2184,153,-261,-225
6955,15005,-1594,165,-265,-219
7130,13696,-1402,173,-272,-207
5271,13348,-2015,185,-278,-203
3291,14047,-2815,186,-262,-185
2650,14829,-3113,204,-265,-175
3518,14319,-3221,223,-270,-165
4168,13982,-3453,230,-260,-153
3365,13821,-3540,251,-255,-138
1946,15004,-3550,255,-254,-139
276,15155,-3656,267,-250,-121
-1162,15388,-4161,279,-249,-127
-1761,18460,-9433,296,-243,-111
-13165,21683,-2326,297,-239,-103
-3436,12636,-1745,311,-236,-118
-2132,15172,-2934,315,-230,-110
-1511,14681,-3702,314,-226,-114
24,16778,-3752,313,-222,-107
-1173,16580,-5899,322,-231,-114
-2285,14670,-6170,323,-225,-98
-2557,13965,-7001,323,-232,-95
-2721,13782,-7531,323,-220,-80
-3522,13139,-8752,322,-221,-67
-3952,12463,-10999,326,-215,-56
-4002,12078,-13154,323,-208,-46
-2928,10227,-13326,322,-211,-33
-3234,8828,-12622,307,-198,-12
-3491,11412,-12889,307,-210,-17
-1435,9778,-13577,318,-193,12
-2135,8278,-13368,314,-175,15
-3733,5913,-12991,326,-164,31
-3609,5511,-12808,327,-156,50
-2036,5443,-14071,317,-141,62
-2207,6486,-15623,314,-127,60
-1525,3868,-14874,314,-131,69
-1293,2438,-15364,324,-139,79
-2418,3070,-16574,298,-131,87
-478,1288,-15945,292,-123,95
-662,-975,-16011,281,-113,100
786,768,-18085,280,-110,106
1394,2182,-19218,266,-108,110
491,-1382,-18983,262,-83,131
1222,-4184,-17706,251,-59,138
1095,-5294,-17280,254,-49,141
1117,-5490,-17529,243,-35,138
1363,-5749,-16973,236,-20,153
1656,-3773,-17546,230,3,148
1301,-4453,-17457,232,24,152
494,-8268,-15167,212,52,158
1208,-11650,-12286,212,59,145
2089,-13308,-11417,198,101,154
3125,-9422,-11915,187,128,139
2347,-7569,-12092,182,159,122
2121,-9872,-10106,151,191,98
3030,-14119,-7210,134,187,87
4636,-17432,-1998,136,214,84
5715,-15855,-1818,127,220,83
6322,-13906,-1058,117,227,58
6436,-14340,-1678,129,233,47
6206,-21529,3349,121,248,33
7206,-22143,1355,116,245,42
6374,-17441,-863,118,260,28
5828,-14346,-890,112,266,22
5968,-15868,945,117,266,2
5598,-17212,2185,117,268,-17
5046,-17103,3086,118,282,-30
5173,-16495,3502,104,283,-44
5017,-15818,4238,109,285,-68
4779,-15243,5308,101,288,-90
4651,-13364,6374,100,282,-94
4395,-14513,8155,96,288,-122
4524,-14386,9662,87,291,-143
4775,-12945,9875,92,279,-163
3739,-11160,10237,91,288,-176
2758,-10416,11001,91,278,-191
3002,-9947,11035,90,267,-212
3168,-10599,12238,87,277,-217
3225,-10074,13134,95,272,-234
2860,-8792,13175,103,265,-229
1992,-7504,13149,105,272,-253
1544,-6540,13192,100,265,-251
2779,-7387,13191,104,261,-260
2970,-8033,14276,91,263,-274
2706,-7478,14460,108,250,-280
2732,-6784,14487,100,248,-283
2961,-6272,14415,100,245,-288
1639,-6368,14466,105,236,-302
3085,-6913,15294,110,226,-302
5646,-3485,15617,86,222,-317
3344,-4575,16720,87,207,-322
4418,-4158,15535,82,197,-337
3239,-2467,15345,83,188,-338
3313,-1460,16315,71,187,-349
3231,-1637,16307,75,169,-355
3951,1315,15430,71,163,-371
2670,113,15636,73,142,-375
3170,502,15543,66,141,-381
2679,1027,15300,66,129,-383
2646,2957,15161,74,122,-386
2665,3779,15062,71,107,-393
2045,2238,14594,69,88,-405
2505,5851,14477,76,71,-408
1431,6892,14278,69,47,-403
1778,7502,14519,84,44,-415
1186,6531,14262,80,33,-409
1338,7562,13821,80,29,-421
1389,8106,13454,82,-1,-413
975,8667,13170,90,-8,-420
768,10552,12748,79,-10,-413
233,11087,11905,87,-20,-410
119,10472,11657,83,-36,-404
116,10553,12017,91,-38,-402
-172,12150,11549,86,-60,-407
348,12642,11257,93,-70,-409
170,12541,11109,87,-64,-405
-72,12267,11150,101,-70,-404
907,10062,11413,99,-67,-414
332,12236,11386,95,-71,-413
347,12624,11197,97,-59,-401
349,12074,10810,100,-78,-408
557,12118,11210,99,-82,-402
213,13062,11254,112,-84,-399
165,12710,10170,116,-88,-403
66,11717,9604,123,-107,-393
-292,11994,9097,122,-123,-385
-10,10886,8362,127,-116,-390
-499,12590,5895,139,-122,-381
-1897,17082,6199,127,-152,-370
-1044,16053,5743,147,-153,-369
-1270,15327,5095,156,-169,-350
-1844,15824,4294,156,-181,-336
-1776,15470,2714,161,-193,-326
-1502,15637,2040,178,-211,-315
-1293,14361,1720,177,-220,-301
-1194,14896,969,186,-228,-300
-2167,16619,71,185,-234,-274
-1882,16595,-1140,199,-238,-266
-5280,18582,-13368,195,-244,-252
-3585,17746,-3573,193,-251,-225
-971,14231,-2202,186,-255,-226
-1931,15375,-4117,189,-255,-219
-914,16872,-3198,186,-245,-224
-922,18487,-2995,186,-262,-209
-946,18123,-3386,182,-259,-213
